"melid","performer","title","solopart","chorus_count","instrument","style","tonalitytype","genre","rhythmfeel","avgtempo","tempoclass","key","signature","recordingdate","composer","form","template","label","releasedate"
"1","Art Pepper","Anthropology","1","4","cl","COOL","FUNCTIONAL","ORIGINAL","SWING","218.8","UP","Bb-maj","4/4","25 - 26. 05.1979","Parker, Gillespie","A8A8B8A8","I Got Rhythm","Galaxy Records","1989"
"2","Art Pepper","Blues for Blanche","1","11","as","COOL","BLUES","ORIGINAL","SWING","198.9","UP","Eb-maj","4/4","25 - 26. 05.1979","Art Pepper","A12","Blues","Galaxy Records","1989"
"3","Art Pepper","Desafinado","1","2","as","COOL","FUNCTIONAL","ORIGINAL","LATIN","140.5","MEDIUM UP","F-maj","4/4","25 - 26. 05.1979","Antonio Carlos Jobim","A1612B8C8","","Galaxy Records","1989"
"4","Art Pepper","In a Mellow Tone","1","4","cl","COOL","FUNCTIONAL","GREAT AMERICAN SONGBOOK","SWING","167.6","MEDIUM UP","Eb-maj","4/4","25 - 26. 05.1979","Duke Ellington","A16B16","","Galaxy Records","1989"
"5","Art Pepper","Stardust","1","2","as","COOL","FUNCTIONAL","GREAT AMERICAN SONGBOOK","BALLAD","60.7","SLOW","Eb-maj","4/4","25 - 26. 05.1979","Parish, Carmichael","A16B16","","Galaxy Records","1989"
"6","Art Pepper","Stardust","2","1","as","COOL","FUNCTIONAL","GREAT AMERICAN SONGBOOK","BALLAD","60.2","SLOW","Eb-maj","4/4","25 - 26. 05.1979","Parish, Carmichael","A16B16","","Galaxy Records","1989"
"21","Ben Webster","Bye Bye Blackbird","1","3","ts","SWING","FUNCTIONAL","GREAT AMERICAN SONGBOOK","SWING","140.8","MEDIUM UP","G-maj","4/4","1959-11-08","Dixon-Henderson","A16B16","","Giants of Jazz","1993"
"22","Ben Webster","Did You Call Her Today","1","4","ts","SWING","FUNCTIONAL","ORIGINAL","SWING","118.4","MEDIUM","Ab-maj","4/4","1962-06-06","Ben Webster","A8B8A8C8","","Giants of Jazz","1993"
"23","Ben Webster","My Ideal","1","2","ts","SWING","FUNCTIONAL","GREAT AMERICAN SONGBOOK","SWING","74.2","SLOW","Bb-maj","4/4","1956-09-11","Chase-Withing-Robin","A8A8B8","","Giants of Jazz","1993"
"24","Ben Webster","Night and Day","1","2","ts","SWING","FUNCTIONAL","GREAT AMERICAN SONGBOOK","SWING","182.2","UP","D-maj","4/4","1956-09-11","C. Porter","A8B8A8B8C8B8","","Giants of Jazz","1993"
"25","Ben Webster","Where or When","1","1","ts","SWING","FUNCTIONAL","GREAT AMERICAN SONGBOOK","SWING","82.1","MEDIUM SLOW","Ab-maj","4/4","1956-09-11","Rodgers, Hart","A10A10B8A12","","Giants of Jazz","1993"
"7","Benny Carter","I Got It Bad","1","1","as","SWING","FUNCTIONAL","GREAT AMERICAN SONGBOOK","SWING","68.2","SLOW","Db-maj","4/4","1952-09-18","Ellington/Webster","A8A8B8A8","","Membran Music Ltd.","2004"
"8","Benny Carter","It's a Wonderful World","1","3","as","SWING","FUNCTIONAL","ORIGINAL","SWING","124.2","MEDIUM","C-maj","4/4","1986-11-14","Oscar Peterson","A4A4B4A4","","Pablo Records","1987"
"9","Benny Carter","It's a Wonderful World","2","2","as","SWING","FUNCTIONAL","ORIGINAL","SWING","127.2","MEDIUM","C-maj","4/4","1986-11-14","Oscar Peterson","A4A4B4A4","","Pablo Records","1987"
"10","Benny Carter","Just Friends","1","3","as","SWING","FUNCTIONAL","GREAT AMERICAN SONGBOOK","SWING","204.9","UP","Bb-maj","4/4","1986-11-14","Klenner/Lewis","A16B16","","Pablo Records","1987"
"11","Benny Carter","Long Ago and Far Away","1","1","as","SWING","FUNCTIONAL","GREAT AMERICAN SONGBOOK","SWING","185","UP","F-maj","4/4","1952-09-18","Kern/Gershwin","A8B8A8C8","","Membran Music Ltd.","2004"
"12","Benny Carter","Long Ago and Far Away","2","1","as","SWING","FUNCTIONAL","GREAT AMERICAN SONGBOOK","SWING","185.8","UP","F-maj","4/4","1952-09-18","Kern/Gershwin","A8B8A8C8","","Membran Music Ltd.","2004"
"13","Benny Carter","Sweet Lorraine","1","1","as","SWING","FUNCTIONAL","GREAT AMERICAN SONGBOOK","SWING","91.5","MEDIUM SLOW","G-maj","4/4","1986-11-14","Mitchel Parish / Cliff Burwell","A8A8B8A8","","Pablo Records","1987"
"14","Benny Goodman","Avalon","1","1","cl","SWING","FUNCTIONAL","GREAT AMERICAN SONGBOOK","SWING","241","UP","Eb-maj","4/4","1937-02-03","Jolson/Rose","A8A8B8A8","","History/This is Music","1998"
"15","Benny Goodman","Handful of Keys","1","1","cl","SWING","FUNCTIONAL","GREAT AMERICAN SONGBOOK","SWING","303.1","UP","Eb-maj","4/4","1937","","A8A8B8A8","","","1937"
"16","Benny Goodman","Nobody's Sweetheart","1","1","cl","SWING","FUNCTIONAL","GREAT AMERICAN SONGBOOK","SWING","311.3","UP","Ab-maj","4/4","1936-04-27","Kahn/Erdman/Meyers/Schoebell","A24B16C24","","History/This is Music","1998"
"17","Benny Goodman","Runnin' Wild","1","1","cl","SWING","FUNCTIONAL","GREAT AMERICAN SONGBOOK","SWING","285","UP","Bb-maj","4/4","1937-02-03","Grey/Wood/Gibs","A8A8B8B8","","History/This is Music","1998"
"18","Benny Goodman","Tiger Rag","1","1","cl","SWING","FUNCTIONAL","GREAT AMERICAN SONGBOOK","SWING","268","UP","Ab-maj","4/4","1936-12-02","La Rocca, Shields","A16B16","","History - (Trumpets of Jericho)s",""
"19","Benny Goodman","Tiger Rag","2","1","cl","SWING","FUNCTIONAL","GREAT AMERICAN SONGBOOK","SWING","271.2","UP","Ab-maj","4/4","1936-12-02","La Rocca, Shields","A16B16","","History - (Trumpets of Jericho)s",""
"20","Benny Goodman","Whispering","1","1","cl","SWING","FUNCTIONAL","GREAT AMERICAN SONGBOOK","SWING","198.6","UP","Eb-maj","4/4","1936-12-02","Schonberger/Coburn/Rose","A16B16","","History/This is Music","1998"
"26","Bix Beiderbecke","I'm Coming Virginia","1","2","cor","TRADITIONAL","FUNCTIONAL","GREAT AMERICAN SONGBOOK","TWOBEAT","131.5","MEDIUM","F-maj","4/4","1927-12-05","Heywood","A8B8C8","","Proper/Retro","1997"
"27","Bix Beiderbecke","Margie","1","1","cor","TRADITIONAL","FUNCTIONAL","GREAT AMERICAN SONGBOOK","TWOBEAT","180","UP","Eb-maj","4/4","1928-09-21","Davis/Conrad/Robinson","A8B8","","History",""
"28","Bix Beiderbecke","Riverboat Shuffle","1","1","cor","TRADITIONAL","FUNCTIONAL","ORIGINAL","TWOBEAT","210.9","UP","Ab-maj","4/4","1927-05-09","Voynow/Carmichael/Mills/Parish","A16B16","","History",""
"29","Bix Beiderbecke","Royal Garden Blues","1","1","cor","TRADITIONAL","BLUES","GREAT AMERICAN SONGBOOK","TWOBEAT","174.1","MEDIUM UP","Bb-maj","4/4","1927-10-05","C. & S. Williams","A12","Blues","History",""
"30","Bix Beiderbecke","Singin the Blues","1","1","cor","TRADITIONAL","FUNCTIONAL","GREAT AMERICAN SONGBOOK","TWOBEAT","134","MEDIUM","Eb-maj","4/4","04.20.1927","Robinson/Conrad","A8A8B8","","Proper/Retro","1997"
"31","Bob Berg","Angles","1","3","ts","POSTBOP","COLOR","ORIGINAL","SWING","270.1","UP","Ab-maj","4/4","1993","Bob Berg","A16A16B16","","Stretch Records","1993"
"32","Bob Berg","Blues for Bela","1","8","ts","POSTBOP","BLUES","ORIGINAL","SWING","249.4","UP","C-min","4/4","1993","Bob Berg","A12","Blues","Stretch Records","1993"
"33","Bob Berg","I Didn't Know What Time It Was","1","3","ts","POSTBOP","FUNCTIONAL","GREAT AMERICAN SONGBOOK","SWING","126.7","MEDIUM","F-maj","4/4","1979","Lorenz Hart/Richard Rogers","A8A8B8C12","","SteepleChase","2005"
"34","Bob Berg","Nature of the Beast","1","1","ts","POSTBOP","MODAL","ORIGINAL","LATIN","131.8","MEDIUM","C-min","4/4","1993","Bob Berg","A8A8A8A10B8","","GRP Records / Stretch Records","1993"
"35","Bob Berg","No Moe","1","2","ts","POSTBOP","FUNCTIONAL","ORIGINAL","SWING","161.8","MEDIUM UP","Bb-maj","4/4","1993","Sonny Rollins","A8A8B8A8","I Got Rhythm","GRP Records / Stretch Records","1993"
"36","Bob Berg","Second Sight","1","3","ts","FUSION","FUNCTIONAL","ORIGINAL","FUNK","114.3","MEDIUM","Bb-maj","4/4","1993","Bob Berg","A16B16C10","","Stretch Records","1993"
"37","Bob Berg","You and the Night and the Music","1","2","ts","POSTBOP","FUNCTIONAL","GREAT AMERICAN SONGBOOK","LATIN","167.1","MEDIUM UP","G-min","4/4","1997","Bob Berg","A8A8B8C12","","Stretch Records","1997"
"38","Branford Marsalis","Gutbucket Steepy","1","5","ts","POSTBOP","BLUES","ORIGINAL","SWING","70.1","SLOW","Db-maj","4/4","03.-04.01.1988","Hinton, B.Marsalis, Watts","A12","Blues","CBS/Columbia","1989"
"39","Branford Marsalis","Housed from Edward","1","10","ts","POSTBOP","BLUES","ORIGINAL","SWING","126.6","MEDIUM","F-maj","4/4","03.-04.01.1988","B. Marsalis","A12","Blues","CBS/Columbia","1989"
"40","Branford Marsalis","Housed from Edward","2","2","ts","POSTBOP","BLUES","ORIGINAL","SWING","121.9","MEDIUM","F-maj","4/4","03.-04.01.1988","B. Marsalis","A12","Blues","CBS/Columbia","1989"
"41","Branford Marsalis","The Nearness of You","1","2","ts","POSTBOP","FUNCTIONAL","GREAT AMERICAN SONGBOOK","SWING","36.8","SLOW","D-maj","4/4","03.-04.01.1988","B. Marsalis","A8A8B8C12","","CBS/Columbia","1989"
"42","Branford Marsalis","Three Little Words","1","7","ts","POSTBOP","FUNCTIONAL","GREAT AMERICAN SONGBOOK","SWING","264.3","UP","C-maj","4/4","03.-04.01.1988","Harry Ruby, Bert Kalmar","A8A8B8A8","","CBS/Columbia","1989"
"43","Branford Marsalis","U.M.M.G.","1","6","ts","POSTBOP","FUNCTIONAL","GREAT AMERICAN SONGBOOK","SWING","211.6","UP","Db-maj","4/4","03.-04.01.1988","Billy Strayhorn","A8A8B8A8","","CBS/Columbia","1989"
"44","Buck Clayton","After Theatre Jump","1","1","tp","SWING","FUNCTIONAL","ORIGINAL","SWING","175.9","MEDIUM UP","Db-maj","4/4","1944-03-22","Wells","A8A8B8A8","I Got Rhythm","Membran Music Ltd..","2005"
"45","Buck Clayton","Destination K.C.","1","2","tp","SWING","FUNCTIONAL","ORIGINAL","SWING","248","UP","C-maj","4/4","1944-03-22","Clayton","A8A8B8A8","I Got Rhythm","Membran Music Ltd..","2005"
"46","Buck Clayton","Dickie's Dream","1","1","tp","SWING","FUNCTIONAL","ORIGINAL","SWING","230.8","UP","C-min","4/4","1939-09-05","Basie-Young","A8A8B8A8","","Membran Music Ltd..","2005"
"47","Cannonball Adderley","High Fly","1","2","as","HARDBOP","FUNCTIONAL","ORIGINAL","SWING","128.9","MEDIUM","Bb-maj","4/4","18. + 20.10.1959","Randy Weston","A8A8B8C8","","Riverside","1989"
"48","Cannonball Adderley","So What","1","2","as","POSTBOP","MODAL","ORIGINAL","SWING","142.2","MEDIUM UP","D-dor","4/4","1959-03-02","Davis/Evans","A8A8B8A8","So What","CBS","1962"
"49","Cannonball Adderley","Star Eyes","1","2","as","HARDBOP","FUNCTIONAL","GREAT AMERICAN SONGBOOK","SWING","193.9","UP","Eb-maj","4/4","1961-05-11","Raye/DePaul","A8A8B8C12","","Riverside","1987"
"50","Cannonball Adderley","This Here","1","5","as","HARDBOP","BLUES","ORIGINAL","SWING","174.7","MEDIUM UP","F-maj","3/4","18. + 20.10.1959","Bobby Timmons","A16B12C10","Blues","Riverside","1989"
"51","Cannonball Adderley","Work Song","1","4","as","HARDBOP","FUNCTIONAL","ORIGINAL","SWING","156.3","MEDIUM UP","F-min","4/4","1960-02-01","Nat Adderley","A16","","Giants of Jazz","1993"
"52","Charlie Parker","Billie's Bounce","1","4","as","BEBOP","BLUES","ORIGINAL","SWING","158.5","MEDIUM UP","F-maj","4/4","1945-11-26","Charlie Parker","A12","Blues","Proper Records",""
"53","Charlie Parker","Blues for Alice","1","3","as","BEBOP","BLUES","ORIGINAL","SWING","168.9","MEDIUM UP","F-maj","4/4","1951-08-08","Charlie Parker","A12","Blues","Proper Records","2002"
"54","Charlie Parker","Don't Blame Me","1","1","as","BEBOP","FUNCTIONAL","GREAT AMERICAN SONGBOOK","SWING","63.7","SLOW","C-maj","4/4","1947-11-04","Fields/McHugh","A8A8B8A8","","Proper Records","2002"
"55","Charlie Parker","Donna Lee","1","2","as","BEBOP","FUNCTIONAL","ORIGINAL","SWING","225.7","UP","Ab-maj","4/4","1947-05-08","Miles Daivs","A16B16","","Proper Records","2002"
"56","Charlie Parker","Embraceable You","1","1","as","BEBOP","FUNCTIONAL","GREAT AMERICAN SONGBOOK","SWING","72.3","SLOW","F-maj","4/4","1947-10-28","G. Gershwin","A16B16","","Proper Records","2002"
"57","Charlie Parker","How Deep Is the Ocean","1","1","as","BEBOP","FUNCTIONAL","GREAT AMERICAN SONGBOOK","SWING","71.9","SLOW","C-min","4/4","1947-11-17","Berlin","A8B8A8C8","","Proper Records",""
"58","Charlie Parker","K.C. Blues","1","2","as","BEBOP","BLUES","ORIGINAL","SWING","118.3","MEDIUM","C-maj","4/4","1951-01-17","Parker","A12","Blues","Proper Records","2002"
"59","Charlie Parker","Ko-Ko","1","1","as","BEBOP","FUNCTIONAL","ORIGINAL","SWING","299.4","UP","Bb-maj","4/4","1945-11-26","Parker","A16A16B16A16","Cherokee","Proper Records",""
"60","Charlie Parker","My Little Suede Shoes","1","1","as","BEBOP","FUNCTIONAL","ORIGINAL","LATIN","145.9","MEDIUM UP","Eb-maj","4/4","1951-03-12","Parker","A8A8B8A8","","Proper Records","2002"
"61","Charlie Parker","Ornithology","1","1","as","BEBOP","FUNCTIONAL","ORIGINAL","SWING","221","UP","G-maj","4/4","1946-07-29","Parker","A16B16","How High The Moon","Proper Records",""
"62","Charlie Parker","Out of Nowhere","1","1","as","BEBOP","FUNCTIONAL","GREAT AMERICAN SONGBOOK","SWING","67.6","SLOW","G-maj","4/4","1947-11-04","Heyman, Green","A16B16","","Proper Records","2002"
"63","Charlie Parker","Scrapple from the Apple","1","2","as","BEBOP","FUNCTIONAL","ORIGINAL","SWING","165","MEDIUM UP","F-maj","4/4","1947-11-04","Parker","A8A8B8A8","","Proper Records","2002"
"64","Charlie Parker","Segment","1","2","as","BEBOP","FUNCTIONAL","ORIGINAL","SWING","246.9","UP","Bb-min","4/4","1949-05-05","Parker","A8A8B8A8","","Proper Records",""
"65","Charlie Parker","Star Eyes","1","1","as","BEBOP","FUNCTIONAL","GREAT AMERICAN SONGBOOK","SWING","133.8","MEDIUM","Eb-maj","4/4","March-April 1950","Raye/DePaul","A8A8B8C12","","Proper Records",""
"66","Charlie Parker","Steeplechase","1","1","as","BEBOP","FUNCTIONAL","ORIGINAL","SWING","175.2","MEDIUM UP","Bb-maj","","1948-09-24","Parker","A8A8B8A8","I Got Rhythm","Proper Records",""
"67","Charlie Parker","Thriving on a Riff","1","2","as","BEBOP","FUNCTIONAL","ORIGINAL","SWING","227.2","UP","Bb-maj","4/4","1945-11-26","Parker/Gillespie","A8A8B8A8","I Got Rhythm","Savoy","2002"
"68","Charlie Parker","Yardbird Suite","1","1","as","BEBOP","FUNCTIONAL","ORIGINAL","SWING","209.8","UP","C-maj","4/4","1946-03-28","Parker","A8A8B8A8","","Proper Records",""
"69","Charlie Shavers","Limehouse Blues","1","1","tp","TRADITIONAL","FUNCTIONAL","GREAT AMERICAN SONGBOOK","TWOBEAT","269.1","UP","Ab-maj","4/4","1941-09-13","Braham, Furber","A16B16C16D16","","Trumpets of Jericho Ltd.",""
"70","Chet Baker","I Fall in Love Too Easily","1","1","tp","COOL","FUNCTIONAL","GREAT AMERICAN SONGBOOK","SWING","65.2","SLOW","Eb-maj","4/4","1954-02-15","Cahn/Styne","A8B8","","Giants of Jazz","1996"
"71","Chet Baker","Just Friends","1","2","tp","COOL","FUNCTIONAL","GREAT AMERICAN SONGBOOK","SWING","189.9","UP","G-maj","4/4","1955-03-07","Klenner/Lewis","A16B16","","Giants of Jazz","1996"
"72","Chet Baker","Let's Get Lost","1","1","tp","COOL","FUNCTIONAL","GREAT AMERICAN SONGBOOK","SWING","157.5","MEDIUM UP","C-maj","4/4","1955-03-07","Loesser / McHugh","A8B8A8C8","","Giants of Jazz","1996"
"73","Chet Baker","Long Ago and Far Away","1","1","tp","COOL","FUNCTIONAL","GREAT AMERICAN SONGBOOK","SWING","177.5","MEDIUM UP","G-maj","4/4","1955-03-07","Kern/Gershwin","A8B8A8C8","","Giants of Jazz","1996"
"74","Chet Baker","There Will Never Be Another You","1","1","tp","COOL","FUNCTIONAL","GREAT AMERICAN SONGBOOK","SWING","168.7","MEDIUM UP","F-maj","4/4","1954-02-15","Gordon/Warren","A16B16","","Giants of Jazz","1996"
"75","Chet Baker","There Will Never Be Another You","2","1","tp","COOL","FUNCTIONAL","GREAT AMERICAN SONGBOOK","SWING","169.8","MEDIUM UP","F-maj","4/4","1954-02-15","Gordon/Warren","A16B16","","Giants of Jazz","1996"
"76","Chet Baker","Two's Blues","1","4","tp","COOL","BLUES","ORIGINAL","SWING","202.2","UP","G-min","4/4","1975-04-16","Jim Hall","A12","Blues","Sony Music Entertainment Ltd..","2001"
"77","Chet Baker","You'd Be So Nice to Come Home to","1","4","tp","COOL","FUNCTIONAL","GREAT AMERICAN SONGBOOK","SWING","225.4","UP","G-min","4/4","1975-04-23","Cole Porter","A16B16","","Sony Music Entertainment Ltd..","2001"
"78","Chris Potter","Anthropology","1","4","ts","POSTBOP","FUNCTIONAL","ORIGINAL","SWING","245.3","UP","Bb-maj","4/4","1999","Parker, Gillespie","A8A8B8A8","I Got Rhythm","Double-Time Records","1999"
"79","Chris Potter","Arjuna","1","1","ts","FUSION","MODAL","ORIGINAL","FUNK","117.7","MEDIUM","D-chrom","4/4","15.-17.2.2007","Chris Potter","open","","Sunnyside Records","2007"
"80","Chris Potter","In a Sentimental Mood","1","1","ts","POSTBOP","FUNCTIONAL","GREAT AMERICAN SONGBOOK","SWING","48.6","SLOW","D-min","4/4","1993","D. Ellington/H. Dietz/ M. Kutz/I. Mills/A. Schwartz","A8A8B8","","Concorde Jazz","1993"
"81","Chris Potter","Item 1, D.I.T.","1","18","ts","POSTBOP","FUNCTIONAL","ORIGINAL","SWING","301","UP","C-maj","4/4","December 2001","Steve Swallow","A16","","WATT Works","2003"
"82","Chris Potter","Pop Tune #1","1","1","ts","FUSION","MODAL","ORIGINAL","FUNK","108.6","MEDIUM SLOW","G-min","4/4","15.-17.2.2007","Chris Potter","open","","Sunnyside Records","2007"
"83","Chris Potter","Rumples","1","1","ts","FUSION","MODAL","ORIGINAL","FUNK","134.9","MEDIUM","F-min","4/4","2009","Chris Potter","open","","Artishare","2009"
"84","Chris Potter","Togo","1","1","ts","FUSION","MODAL","ORIGINAL","FUNK","112","MEDIUM","F-min","4/4","15.-17.2.2007","Ed Blackwell","open","","Sunnyside Records","2007"
"85","Chu Berry","Body and Soul","1","1","ts","SWING","FUNCTIONAL","GREAT AMERICAN SONGBOOK","SWING","81.9","MEDIUM SLOW","C-maj","4/4","1938-11-11","Heyman, Sour, Eyton, Green","A8A8B8A8","","Classic Records","1994"
"86","Chu Berry","Body and Soul","2","1","ts","SWING","FUNCTIONAL","GREAT AMERICAN SONGBOOK","SWING","92.5","MEDIUM SLOW","C-maj","4/4","1938-11-11","Heyman, Sour, Eyton, Green","A8A8B8A8","","Classic Records","1994"
"87","Clifford Brown","A Night in Tunisia","1","3","tp","HARDBOP","FUNCTIONAL","ORIGINAL","SWING","189.7","UP","D-min","4/4","1954-02-21","Dizzie Gillespie","A8A8B8A8","","Membran International","2005"
"88","Clifford Brown","Daahoud","1","2","tp","HARDBOP","FUNCTIONAL","ORIGINAL","SWING","240.9","UP","Eb-maj","4/4","1954-08-06","Clifford Brown","A8A8B8A8","","Membran International","2005"
"89","Clifford Brown","George's Dilemma","1","2","tp","HARDBOP","FUNCTIONAL","ORIGINAL","A:LATIN/B:SWING","154.8","MEDIUM UP","Db-min","4/4","1955-02-24","Clifford Brown","A16B8A8","","Nippon Phonogram Co., Ltd.0","1989"
"90","Clifford Brown","I'll Remember April","1","2","tp","HARDBOP","FUNCTIONAL","GREAT AMERICAN SONGBOOK","SWING","291.5","UP","G-maj","4/4","1956-02-16","Raye/DePaul/Johnston","A16B16A16","","EmArcy","1991"
"91","Clifford Brown","I'll Remember April","1","2","tp","HARDBOP","FUNCTIONAL","GREAT AMERICAN SONGBOOK","SWING","285.4","UP","G-maj","4/4","1956-02-16","Raye/DePaul/Johnston","A16B16A16","","Nippon Phonogram Co., Ltd.0","1989"
"92","Clifford Brown","Jordu","1","2","tp","HARDBOP","FUNCTIONAL","ORIGINAL","SWING","139","MEDIUM","Eb-maj","4/4","1954-08-03","Duke Jordan","A8A8B8A8","","Membran International","2005"
"93","Clifford Brown","Joy Spring","1","2","tp","HARDBOP","FUNCTIONAL","ORIGINAL","SWING","161","MEDIUM UP","F-maj","4/4","1954-08-06","Clifford Brown","A16B8C8","","Nippon Phonogram Co., Ltd.0","1989"
"94","Clifford Brown","Sandu","1","2","tp","HARDBOP","BLUES","ORIGINAL","SWING","139.5","MEDIUM","Eb-maj","4/4","1955-02-25","Clifford Brown","A12","Blues","Nippon Phonogram Co., Ltd.0","1989"
"95","Clifford Brown","Stompin' at the Savoy","1","2","tp","HARDBOP","FUNCTIONAL","GREAT AMERICAN SONGBOOK","SWING","163.9","MEDIUM UP","Db-maj","4/4","1954-08-03","Goodman, Webb, Samson","A16B8A8","","Membran International","2005"
"96","Coleman Hawkins","Body and Soul","1","2","ts","SWING","FUNCTIONAL","GREAT AMERICAN SONGBOOK","SWING","95","MEDIUM SLOW","Db-maj","4/4","1939-10-11","Heyman, Sour, Eyton, Green","A8A8B8A8","","Membran Music Ltd.","2005"
"97","Coleman Hawkins","It's Only a Papermoon","1","1","ts","SWING","FUNCTIONAL","GREAT AMERICAN SONGBOOK","SWING","133.7","MEDIUM","F-maj","4/4","1949-12-21","Arlen, Rose, Harburg","A8A8B8A8","","Membran Music Ltd.","2005"
"98","Coleman Hawkins","My Blue Heaven","1","1","ts","SWING","FUNCTIONAL","GREAT AMERICAN SONGBOOK","SWING","132","MEDIUM","Eb-maj","4/4","1950","Whiting, Donaldson","A8A8B8A8","","Membran Music Ltd.","2005"
"99","Coleman Hawkins","Perdido","1","2","ts","SWING","FUNCTIONAL","GREAT AMERICAN SONGBOOK","SWING","177.5","MEDIUM UP","Bb-maj","4/4","1950","Tizol","A8A8B8A8","","Membran Music Ltd.","2005"
"100","Coleman Hawkins","Sophisticated Lady","1","1","ts","SWING","FUNCTIONAL","GREAT AMERICAN SONGBOOK","SWING","67.6","SLOW","Ab-maj","4/4","1949-12-21","Ellington","A8A8B8A8","","Membran Music Ltd.","2005"
"101","Coleman Hawkins","Stompin' at the Savoy","1","2","ts","SWING","FUNCTIONAL","GREAT AMERICAN SONGBOOK","SWING","250.2","UP","Db-maj","4/4","1954","Goodman, Webb, Samson","A16B8A8","","Membran Music Ltd.","2005"
"102","Curtis Fuller","Blue Train","1","5","tb","HARDBOP","BLUES","ORIGINAL","SWING","131.8","MEDIUM","Eb-maj","4/4","1957-09-15","John Coltrane","A12","Blues","Blue Note","1985"
"103","Curtis Fuller","Down Under","1","2","tb","HARDBOP","BLUES","ORIGINAL","SWING","147.4","MEDIUM UP","F#-min","4/4","1961-10-02","Freddie Hubbard","A12","Blues","Blue Note","1997"
"104","David Liebman","Begin the Beguine","1","1","ss","POSTBOP","FUNCTIONAL","GREAT AMERICAN SONGBOOK","SWING","120.1","MEDIUM","Bb-maj","4/4","1988","Cole Porter","A16A16B16A16","","Red Records","1991"
"105","David Liebman","Day & Nite","1","4","ss","POSTBOP","COLOR","ORIGINAL","SWING","244.9","UP","Eb-maj","4/4","1988","David Liebman","A16A16B16","","Advance Music","1988"
"106","David Liebman","I've Got You Under My Skin","1","3","ss","POSTBOP","FUNCTIONAL","GREAT AMERICAN SONGBOOK","SWING","256.2","UP","Eb-maj","4/4","1988","Cole Porter","A16B16C8D16","","Red Records","1991"
"107","David Liebman","Milestones","1","3","ss","POSTBOP","MODAL","ORIGINAL","SWING","312","UP","F-maj","4/4","May 1992","Miles Davis","A20","","Red Records","1993"
"108","David Liebman","Nica's Dream","1","1","ss","POSTBOP","COLOR","ORIGINAL","LATIN","151.2","MEDIUM UP","Eb-maj","4/4","May 1992","Horace Silver","A16A16B16A16","","Red Records","1993"
"109","David Liebman","No Greater Love","1","2","ts","POSTBOP","FUNCTIONAL","GREAT AMERICAN SONGBOOK","SWING","209.1","UP","Bb-maj","4/4","1996-01-05","Symes, Jones","A8A8B8A8","","Double-Time Records","1996"
"110","David Liebman","Pablo's Story","1","4","ss","POSTBOP","MODAL","ORIGINAL","LATIN/FUNK","144.2","MEDIUM UP","E-min","4/4","1988","David Liebman","A16B16","","Advance Music","1988"
"111","David Liebman","Pendulum","1","1","ss","POSTBOP","FREE","ORIGINAL","FUNK/SWING","258.6","UP","F#-chrom","4/4","1988","Richard Beirach","open","","Advance Music","1988"
"112","David Liebman","Secret Love","1","3","ts","POSTBOP","FUNCTIONAL","GREAT AMERICAN SONGBOOK","LATIN","272.7","UP","Eb-maj","4/4","1996-01-05","Parish, Sherwood","A16A16B8A8","","Double-Time Records","1996"
"113","David Liebman","Softly as in a Morning Sunrise","1","7","ss","POSTBOP","MODAL","GREAT AMERICAN SONGBOOK","SWING","260.7","UP","C-min","4/4","1988","S. Romberg/O. Hammerstein","A8A8B8A8","","Advance Music","1988"
"114","David Liebman","There Will Never Be Another You","1","3","ts","POSTBOP","FUNCTIONAL","GREAT AMERICAN SONGBOOK","SWING","151.7","MEDIUM UP","Eb-maj","4/4","1996-01-05","Gordon/Warren","A16B16","","Double-Time Records","1996"
"115","David Murray","Ask Me Now","1","1","ts","POSTBOP","FUNCTIONAL","ORIGINAL","SWING","131.2","MEDIUM","Db-maj","4/4","1991-04-23","Thelonious Monk","A8A8B8A8","","Enja Records","1993"
"116","David Murray","Blues for Two","1","7","ts","POSTBOP","BLUES","ORIGINAL","SWING","60.4","SLOW","Bb-maj","4/4","1990-05-19","G. Arvanitas","A12","Blues","Fresh Sound Records","1991"
"117","David Murray","Blues for Two","2","1","ts","POSTBOP","BLUES","ORIGINAL","SWING","61.3","SLOW","Bb-maj","4/4","1990-05-19","G. Arvanitas","A12","Blues","Fresh Sound Records","1991"
"118","David Murray","Body and Soul","1","1","ts","POSTBOP","FUNCTIONAL","GREAT AMERICAN SONGBOOK","BALLAD","65.9","SLOW","Db-maj","4/4","25, 26 & 30.09 1983","Heyman, Sour, Eyton, Green","A8A8B8A8","","Black Saint Records","1984"
"119","David Murray","Body and Soul","2","1","ts","POSTBOP","FUNCTIONAL","GREAT AMERICAN SONGBOOK","BALLAD","65.1","SLOW","Db-maj","4/4","25, 26 & 30.09 1983","Heyman, Sour, Eyton, Green","A8A8B8A8","","Black Saint Records","1984"
"120","David Murray","Chelsea Bridge","1","1","ts","POSTBOP","FUNCTIONAL","GREAT AMERICAN SONGBOOK","BALLAD","53","SLOW","Db-maj","4/4","1990-05-19","Billy Strayhorn","A8A8B8A8","","Fresh Sound Records","1991"
"121","Dexter Gordon","Cheese Cake","1","2","ts","HARDBOP","FUNCTIONAL","ORIGINAL","SWING","220.9","UP","C-min","4/4","1962-08-27","Dexter Gordon","A16A16B8C16","","Blue Note","1999"
"122","Dexter Gordon","Dextivity","1","2","ts","BEBOP","FUNCTIONAL","ORIGINAL","SWING","93.2","MEDIUM SLOW","C-maj","4/4","1947-12-22","Dexter Gordon","A8A8B8A8","","History/Trumpets of Jericho Ltd.","1998"
"123","Dexter Gordon","Montmartre","1","4","ts","HARDBOP","FUNCTIONAL","ORIGINAL","SWING","204.2","UP","Bb-min","4/4","02.+04.04.1969","Dexter Gordon","A8A8B8A8","","Prestige","1993"
"124","Dexter Gordon","Society Red","1","9","ts","HARDBOP","BLUES","ORIGINAL","SWING","113.7","MEDIUM","Bb-maj","4/4","1961-05-06","Dexter Gordon","A12","Blues","Blue Note","1988"
"125","Dexter Gordon","Stanley the Steamer","1","12","ts","HARDBOP","BLUES","ORIGINAL","SWING","181.2","UP","Bb-maj","4/4","02.+04.04.1969","Dexter Gordon","A12","Blues","Prestige","1993"
"126","Dexter Gordon","The Rainbow People","1","3","ts","HARDBOP","FUNCTIONAL","ORIGINAL","SWING","120","MEDIUM","Eb-maj","4/4","02.+04.04.1969","Dexter Gordon","A8A8B8A8","","Prestige","1993"
"127","Dickie Wells","After Theatre Jump","1","1","tb","SWING","FUNCTIONAL","ORIGINAL","SWING","173.5","MEDIUM UP","Db-maj","4/4","1944-03-22","Wells","A8A8B8A8","I Got Rhythm","Membran Music Ltd..","2005"
"128","Dickie Wells","Destination K.C.","1","1","tb","SWING","FUNCTIONAL","ORIGINAL","SWING","249.1","UP","C-maj","4/4","1944-03-22","Clayton","A8A8B8A8","I Got Rhythm","Membran Music Ltd..","2005"
"129","Dickie Wells","Dickie's Dream","1","1","tb","SWING","FUNCTIONAL","ORIGINAL","SWING","229.4","UP","C-min","4/4","1939-09-05","Basie-Young","A8A8B8A8","","Membran Music Ltd..","2005"
"130","Dickie Wells","I Got Rhythm","1","2","tb","SWING","FUNCTIONAL","GREAT AMERICAN SONGBOOK","SWING","243.4","UP","Bb-maj","4/4","1944-03-14","G. & I. Gershwin","A8A8B8A8","I Got Rhythm","Quadromania","2006"
"131","Dickie Wells","Jo-Jo","1","2","tb","SWING","BLUES","ORIGINAL","SWING","183.4","UP","Bb-maj","4/4","1944-03-14","Joe Bushkin","A12","Blues","Quadromania","2006"
"132","Dickie Wells","Six Cats and a Prince","1","1","tb","SWING","FUNCTIONAL","ORIGINAL","SWING","217.6","UP","Bb-maj","4/4","1944-03-22","Clayton","A8A8B8A8","","Membran Music Ltd..","2005"
"133","Dizzy Gillespie","Anthropology","1","1","tp","BEBOP","FUNCTIONAL","ORIGINAL","SWING","245.7","UP","Bb-maj","4/4","1946-02-22","Parker, Gillespie","A8A8B8A8","I Got Rhythm","BMG/Makin' Friends records","1994"
"134","Dizzy Gillespie","Be-Bop","1","3","tp","BEBOP","FUNCTIONAL","ORIGINAL","SWING","290.2","UP","F-min","4/4","1945-01-09","Gillespie","A8A8B16","","BMG/Makin' Friends records","1994"
"135","Dizzy Gillespie","Blue 'n Boogie","1","4","tp","BEBOP","BLUES","ORIGINAL","SWING","204.4","UP","Bb-maj","4/4","1945-02-09","Gillespie/Paparelli","A12","Blues","BMG/Makin' Friends records","1994"
"136","Dizzy Gillespie","Cognac Blues","1","2","tp","BEBOP","BLUES","ORIGINAL","SWING","113.6","MEDIUM","F-maj","4/4","1952-03-25","Dizzy Gillespie","A12","Blues","Membran Music Ltd.","2005"
"137","Dizzy Gillespie","Groovin' High","1","2","tp","BEBOP","FUNCTIONAL","ORIGINAL","SWING","181.9","UP","Db-maj","4/4","1945-12-29","Dizzy Gillespie","A16A16","","BMG/Makin' Friends records","1994"
"138","Dizzy Gillespie","Hot House","1","1","tp","BEBOP","FUNCTIONAL","ORIGINAL","SWING","171.1","MEDIUM UP","C-maj","4/4","1945-05-11","Tadd Dameron","A8A8B8A8","What Is this Thing Called Love","BMG/Makin' Friends records","1994"
"139","Don Byas","Be-Bop","1","2","ts","BEBOP","FUNCTIONAL","ORIGINAL","SWING","288.6","UP","F-min","4/4","1945-01-09","Gillespie","A8A8B16","","BMG/Makin' Friends records","1994"
"140","Don Byas","Body and Soul","1","2","ts","SWING","FUNCTIONAL","GREAT AMERICAN SONGBOOK","SWING","98.6","MEDIUM SLOW","Db-maj","4/4","1947","Heyman, Sour, Eyton, Green","A8A8B8A8","","Classic Records","1999"
"141","Don Byas","Cognac Blues","1","2","ts","SWING","BLUES","ORIGINAL","SWING","115.9","MEDIUM","F-maj","4/4","1952-03-25","Dizzy Gillespie","A12","Blues","Membran Music Ltd.","2005"
"142","Don Byas","Harvard Blues","1","1","ts","SWING","BLUES","ORIGINAL","SWING","98.5","MEDIUM SLOW","Db-maj","4/4","1945-08-30","Frazier, Smith, Basie)","A12","Blues","Membran Music Ltd.","2005"
"143","Don Byas","Harvard Blues","2","1","ts","SWING","BLUES","ORIGINAL","SWING","99.3","MEDIUM SLOW","Db-maj","4/4","1945-08-30","Frazier, Smith, Basie)","A12","Blues","Membran Music Ltd.","2005"
"144","Don Byas","Infidele (Cry)","1","2","ts","SWING","FUNCTIONAL","GREAT AMERICAN SONGBOOK","SWING","120.1","MEDIUM","Bb-maj","4/4","1952-02-06","Churchill - Kohlman","A16B16","","Membran Music Ltd.","2005"
"145","Don Byas","Out of Nowhere","1","1","ts","SWING","FUNCTIONAL","GREAT AMERICAN SONGBOOK","BALLAD","55.5","SLOW","G-maj","4/4","1945-06-27","Heyman, Green","A16B16","","Membran Music Ltd.","2005"
"146","Don Byas","Un Amour Pleurait","1","1","ts","SWING","FUNCTIONAL","GREAT AMERICAN SONGBOOK","SWING","106","MEDIUM SLOW","F-maj","4/4","1952-02-06","Ray","A8A8B8C8","","Membran Music Ltd.","2005"
"147","Don Ellis","I Love You","1","2","tp","POSTBOP","FUNCTIONAL","GREAT AMERICAN SONGBOOK","SWING","146.9","MEDIUM UP","F-maj","","1961-04-21","C. Porter","A8A8B8A8","","Sarabandas srl (Giants of Jazz)","1995"
"148","Don Ellis","Johnny Come Lately","1","2","tp","POSTBOP","FUNCTIONAL","GREAT AMERICAN SONGBOOK","SWING","211.3","UP","G-min","4/4","1962-07-15","Duke Ellington","A8A8B8A8","","Sarabandas srl (Giants of Jazz)","1995"
"149","Don Ellis","Out of Nowhere","1","1","tp","POSTBOP","FUNCTIONAL","GREAT AMERICAN SONGBOOK","SWING","151.9","MEDIUM UP","G-maj","4/4","1961-04-21","Heyman, Green","A16B16","","Sarabandas srl (Giants of Jazz)","1995"
"150","Don Ellis","Sweet and Lovely","1","2","tp","POSTBOP","FUNCTIONAL","GREAT AMERICAN SONGBOOK","SWING","134.1","MEDIUM","C-maj","4/4","1961-04-21","Arnheim/Tobias/Lemare","A8A8B8A8","","Sarabandas srl (Giants of Jazz)","1995"
"151","Don Ellis","You Stepped Out of a Dream","1","1","tp","POSTBOP","FUNCTIONAL","GREAT AMERICAN SONGBOOK","SWING","199.5","UP","D-maj","4/4","1961-04-21","Kahn/Brown","A16B16","","Sarabandas srl (Giants of Jazz)","1995"
"152","Don Ellis","You Stepped Out of a Dream","2","1","tp","POSTBOP","FUNCTIONAL","GREAT AMERICAN SONGBOOK","SWING","168.9","MEDIUM UP","D-maj","4/4","1961-04-21","Kahn/Brown","A16B16","","Sarabandas srl (Giants of Jazz)","1995"
"153","Eric Dolphy","245","1","3","as","POSTBOP","BLUES","ORIGINAL","SWING","71.2","SLOW","F-maj","4/4","1960-04-01","Eric Dolphy","A12","Blues","Prestige","1960"
"154","Eric Dolphy","Aisha","1","1","as","POSTBOP","FUNCTIONAL","ORIGINAL","SWING","62.9","SLOW","A-min","4/4","1961-05-25","McCoy Tyner","B8A8","","Atlantic Records","1995"
"155","Eric Dolphy","Dahomey Dance","1","6","as","POSTBOP","BLUES","ORIGINAL","SWING","128.9","MEDIUM","G-maj","4/4","1961-05-25","John Coltrane","A12","Blues","Atlantic Records","1995"
"156","Eric Dolphy","Les","1","4","as","POSTBOP","BLUES","ORIGINAL","SWING","235.4","UP","F-maj","4/4","1960-04-01","Eric Dolphy","A14","Blues","Prestige","1960"
"157","Eric Dolphy","On Green Dolphin Street","1","2","bcl","POSTBOP","FUNCTIONAL","GREAT AMERICAN SONGBOOK","SWING","172.5","MEDIUM UP","Eb-maj","4/4","1960-04-01","Kaper/Washington","A8B8A8C8","","Prestige","1960"
"158","Eric Dolphy","Serene","1","3","bcl","POSTBOP","BLUES","ORIGINAL","SWING","75.2","SLOW","Eb-maj","4/4","1960-08-15","Eric Dolphy","A12","Blues","Prestige","1960"
"159","Fats Navarro","Anthropology","1","2","tp","BEBOP","FUNCTIONAL","ORIGINAL","SWING","300.7","UP","Bb-maj","4/4","1948","Parker, Gillespie","A8A8B8A8","I Got Rhythm","Trumpets of Jericho Ltd.",""
"160","Fats Navarro","Double Talk","1","3","tp","BEBOP","FUNCTIONAL","ORIGINAL","SWING","225.8","UP","F-maj","4/4","1948-10-11","McGhee, Navaro","A8A8B8A8","","Trumpets of Jericho Ltd.",""
"161","Fats Navarro","Good Bait","1","1","tp","BEBOP","FUNCTIONAL","ORIGINAL","SWING","146.2","MEDIUM UP","Bb-maj","4/4","1948","Dameron","A8A8B8A8","","Trumpets of Jericho Ltd.",""
"162","Fats Navarro","Good Bait","1","1","tp","BEBOP","FUNCTIONAL","ORIGINAL","SWING","147.4","MEDIUM UP","Bb-maj","4/4","1948","Dameron","A8A8B8A8","","Trumpets of Jericho Ltd.",""
"163","Fats Navarro","Our Delight","1","1","tp","BEBOP","FUNCTIONAL","ORIGINAL","SWING","200.7","UP","Ab-maj","4/4","1948","Dameron","A8A8B8A8","","Trumpets of Jericho Ltd.",""
"164","Fats Navarro","The Skunk","1","2","tp","BEBOP","BLUES","ORIGINAL","SWING","163.8","MEDIUM UP","Db-maj","4/4","1948-10-11","Dameron","A12","Blues","Trumpets of Jericho Ltd.",""
"165","Freddie Hubbard","245","1","3","tp","POSTBOP","BLUES","ORIGINAL","SWING","73","SLOW","F-maj","4/4","1960-04-01","Eric Dolphy","A12","Blues","Prestige","1960"
"166","Freddie Hubbard","Dolphin Dance","1","2","tp","POSTBOP","COLOR","ORIGINAL","SWING","118.9","MEDIUM","","4/4","1966-03-17","Herbie Hancock","A12B18C4","","Blue Note","1966"
"167","Freddie Hubbard","Down Under","1","2","tp","HARDBOP","BLUES","ORIGINAL","SWING","146.1","MEDIUM UP","F#-min","4/4","1961-10-02","Freddie Hubbard","A12","Blues","Blue Note","1997"
"168","Freddie Hubbard","Maiden Voyage","1","2","tp","POSTBOP","MODAL","ORIGINAL","SWING","126","MEDIUM","","4/4","1965-03-17","Herbie Hancock","A8A8B8A8","","Blue Note","1965"
"169","Freddie Hubbard","Society Red","1","6","tp","HARDBOP","BLUES","ORIGINAL","SWING","113.6","MEDIUM","F-maj","4/4","1961-05-06","Dexter Gordon","A12","Blues","Blue Note","1988"
"170","Freddie Hubbard","Speak No Evil","1","1","tp","POSTBOP","COLOR","ORIGINAL","SWING","143.2","MEDIUM UP","C-min","4/4","1964-12-24","Wayne Shorter","A14A14B8A14","","Blue Note","1965"
"171","George Coleman","Maiden Voyage","1","1","ts","POSTBOP","MODAL","ORIGINAL","SWING","125.4","MEDIUM","","4/4","1965-03-17","Herbie Hancock","A8A8B8A8","","Blue Note","1965"
"172","Gerry Mulligan","Bunny","1","1","bs","COOL","FUNCTIONAL","ORIGINAL","SWING","115.2","MEDIUM","C-maj","4/4","1959-11-17","Shorty Rogers","A8A8B8A8","","Verve Records","1960"
"173","Gerry Mulligan","Line for Lyons","1","1","bs","COOL","FUNCTIONAL","ORIGINAL","SWING","173.1","MEDIUM UP","Bb-maj","4/4","1957-08-27","Gerry Mulligan","A8A88C8","","Verve Records","1960"
"174","Gerry Mulligan","Scrapple from the Apple","1","4","bs","COOL","FUNCTIONAL","ORIGINAL","SWING","252","UP","G-min","4/4","1957-10-12","Parker","A8A8B8A8","","Verve Records","1960"
"175","Gerry Mulligan","The Red Door","1","2","bs","COOL","FUNCTIONAL","ORIGINAL","SWING","236.4","UP","G-maj","4/4","1960","Zoot Sims / Gerry Mulligan","A8A8B8A8","","Verve Records","1960"
"176","Gerry Mulligan","This Can't Be Love","1","6","bs","COOL","FUNCTIONAL","GREAT AMERICAN SONGBOOK","SWING","269.1","UP","Ab-maj","4/4","1957-10-12","Rodgers, Hart","A8A8B8A8","","Verve Records","1960"
"177","Gerry Mulligan","Walking Shoes","1","1","bs","COOL","FUNCTIONAL","ORIGINAL","SWING","137.2","MEDIUM","G-maj","4/4","15.-16.10.1952","Gerry Mulligan","A8A8B8A8","","Giants of Jazz","1986"
"178","Hank Mobley","Doodlin'","1","3","ts","HARDBOP","BLUES","ORIGINAL","SWING","121.3","MEDIUM","Db-maj","4/4","1954-11-13","H.Silver","A12","Blues","Membran Music Ltd.","2005"
"179","Hank Mobley","Lady Bird","1","6","ts","HARDBOP","FUNCTIONAL","ORIGINAL","SWING","220.7","UP","C-maj","4/4","1955-11-11","T.Dameron","A16","","Membran Music Ltd.","2005"
"180","Hank Mobley","Remember","1","3","ts","HARDBOP","FUNCTIONAL","GREAT AMERICAN SONGBOOK","SWING","165.9","MEDIUM UP","Ab-maj","4/4","1960-02-07","Irving Berlin","A8A8B8A8","","Blue Note","1960"
"181","Hank Mobley","Soul Station","1","5","ts","HARDBOP","FUNCTIONAL","ORIGINAL","SWING","101.6","MEDIUM SLOW","Eb-maj","4/4","1960-02-07","Hank Mobley","A8","","Blue Note","1960"
"182","Harry Edison","Did You Call Her Today","1","2","tp","SWING","FUNCTIONAL","ORIGINAL","SWING","118.5","MEDIUM","Ab-maj","4/4","1962-06-06","Ben Webster","A8B8A8C8","","Giants of Jazz","1993"
"183","Henry Allen","Baby Won't You Please Come Home","1","2","tp","TRADITIONAL","FUNCTIONAL","GREAT AMERICAN SONGBOOK","TWOBEAT","211.5","UP","Bb-maj","4/4","1941-04-02","Warfield, Wiliams","A8B8","","Trumpets of Jericho Ltd.",""
"184","Herbie Hancock","Agitation","1","2","p","POSTBOP","MODAL","ORIGINAL","SWING","293.8","UP","","4/4","20.22.01.1965","M. Davis","A4A4B4A4A4B4A4","","Columbia","1965"
"185","Herbie Hancock","Dolores","1","1","p","POSTBOP","COLOR","ORIGINAL","SWING","282.3","UP","","4/4","24-25.10.1966","Shorter","A8B6A8","","Columbia","1967"
"186","Herbie Hancock","Gingerbread Boy","1","9","p","POSTBOP","BLUES","ORIGINAL","SWING","285.8","UP","","4/4","24-25.10.1966","Jimmy Heath","A16","Blues","Columbia","1967"
"187","Herbie Hancock","Hand Jive","1","1","p","POSTBOP","COLOR","ORIGINAL","SWING","262.1","UP","","4/4","7./22./23.06, 19.07.1967","Tony Williams","A11B7","","Columbia","1968"
"188","Herbie Hancock","Orbits","1","1","p","POSTBOP","COLOR","ORIGINAL","SWING","264.9","UP","","4/4","24-25.10.1966","Shorter","open","","Columbia","1967"
"189","J.C. Higginbotham","Baby Won't You Please Come Home","1","2","tb","TRADITIONAL","FUNCTIONAL","GREAT AMERICAN SONGBOOK","TWOBEAT","209.5","UP","Bb-maj","4/4","1941-04-02","Warfield, Wiliams","A8B8","","Trumpets of Jericho Ltd.",""
"190","J.J. Johnson","Blue Mode","1","1","tb","BEBOP","BLUES","ORIGINAL","SWING","64.1","SLOW","Bb-maj","4/4","1949-10-17","J.J. Johnson","A12","Blues","Membran Music Ltd.","2005"
"191","J.J. Johnson","Blues in the Closet","1","16","tb","BEBOP","BLUES","ORIGINAL","SWING","234.4","UP","Bb-blues","4/4","1957-09-29","Pettiford","A12","Blues","Polydor K.K","1995"
"192","J.J. Johnson","Crazy Rhythm","1","5","tb","BEBOP","FUNCTIONAL","GREAT AMERICAN SONGBOOK","SWING","277.3","UP","F-maj","4/4","1957-09-29","Meyer, Kahn, Caesar","A8A8B8A8","","Polydor K.K","1995"
"193","J.J. Johnson","Elora","1","1","tb","BEBOP","FUNCTIONAL","ORIGINAL","SWING","196.9","UP","Bb-maj","4/4","1949-10-17","J.J. Johnson","A8A8B8C8","","Membran Music Ltd.","2005"
"194","J.J. Johnson","My Funny Valentine","1","2","tb","BEBOP","FUNCTIONAL","GREAT AMERICAN SONGBOOK","SWING","133.3","MEDIUM","F-min","4/4","1957-09-29","Rodgers, Hart","A8A8B8C12","","Polydor K.K","1995"
"195","J.J. Johnson","Teapot","1","2","tb","BEBOP","FUNCTIONAL","ORIGINAL","SWING","315.2","UP","F-maj","4/4","1949-10-17","J.J. Johnson","A8B8","","Membran Music Ltd.","2005"
"196","J.J. Johnson","Walkin'","1","7","tb","HARDBOP","BLUES","ORIGINAL","SWING","127.9","MEDIUM","F-maj","4/4","1954-04-29","Miles Davis/Richard Carpenter","A12","Blues","Prestige","1957"
"197","J.J. Johnson","Yesterdays","1","4","tb","BEBOP","FUNCTIONAL","GREAT AMERICAN SONGBOOK","SWING","125.1","MEDIUM","D-min","4/4","1957-10-07","Kern, Harbach","A16A16","","Polydor K.K","1995"
"198","Joe Henderson","In 'n Out","1","18","ts","POSTBOP","BLUES","ORIGINAL","SWING","276.7","UP","Eb-maj","4/4","1964-04-10","Joe Henderson","A12","Blues","Blue Note","1964"
"199","Joe Henderson","In 'n Out","2","8","ts","POSTBOP","BLUES","ORIGINAL","SWING","299.5","UP","Eb-maj","4/4","1964-04-10","Joe Henderson","A12","Blues","Blue Note","1964"
"200","Joe Henderson","Johnny Come Lately","1","3","ts","POSTBOP","FUNCTIONAL","GREAT AMERICAN SONGBOOK","SWING","247.6","UP","G-min","4/4","03.-08.09.1991","Duke Ellington","A8A8B8A8","","Verve","1992"
"201","Joe Henderson","Punjab","1","5","ts","POSTBOP","COLOR","ORIGINAL","SWING","160.1","MEDIUM UP","D-chrom","4/4","1964-04-10","Joe Henderson","A10B8","","Blue Note","1964"
"202","Joe Henderson","Serenity","1","5","ts","POSTBOP","FUNCTIONAL","ORIGINAL","SWING","157.3","MEDIUM UP","Eb-maj","4/4","1964-04-10","Joe Henderson","A14","","Blue Note","1964"
"203","Joe Henderson","The Sidewinder","1","3","ts","POSTBOP","BLUES","ORIGINAL","LATIN","153.5","MEDIUM UP","Eb-maj","4/4","1963-12-21","Lee Morgan","A24","Blues","Blue Note","1989"
"204","Joe Henderson","Totem Pole","1","2","ts","POSTBOP","FUNCTIONAL","ORIGINAL","SWING","137.6","MEDIUM","Eb-min","4/4","1963-12-21","Lee Morgan","A8A8B8A8","","Blue Note","1989"
"205","Joe Henderson","U.M.M.G.","1","2","ts","POSTBOP","FUNCTIONAL","GREAT AMERICAN SONGBOOK","SWING","219.2","UP","Db-maj","4/4","03.-08.09.1991","Billy Strayhorn","A8A8B8A8","","Verve","1992"
"206","Joe Lovano","Body and Soul","1","2","ts","POSTBOP","FUNCTIONAL","GREAT AMERICAN SONGBOOK","SWING","60.5","SLOW","Db-maj","4/4","1991-12-29","Heyman, Sour, Eyton, Green","A8A8B8A8","","Blue Note","1992"
"207","Joe Lovano","Body and Soul","2","1","ts","POSTBOP","FUNCTIONAL","GREAT AMERICAN SONGBOOK","SWING","59.6","SLOW","Db-maj","4/4","1991-12-29","Heyman, Sour, Eyton, Green","A8A8B8A8","","Blue Note","1992"
"208","Joe Lovano","Central Park West","1","5","ts","POSTBOP","FUNCTIONAL","ORIGINAL","SWING","62.6","SLOW","B-maj","4/4","1991-12-29","John Coltrane","A12B10","","Blue Note","1992"
"209","Joe Lovano","Con Alma","1","1","ts","POSTBOP","FUNCTIONAL","ORIGINAL","LATIN/SWING","124.6","MEDIUM","C-maj","4/4","1993","Dizzy Gillespie","A8A8B8A8","","Advance Music","1993"
"210","Joe Lovano","I Can't Get Started","1","3","ts-c","POSTBOP","FUNCTIONAL","GREAT AMERICAN SONGBOOK","SWING","106.8","MEDIUM SLOW","C-maj","4/4","1994-03-12","Vernon Duke","A8A8B8C8","","Blue Note","1995"
"211","Joe Lovano","Little Willie Leaps in","1","8","ts","POSTBOP","FUNCTIONAL","ORIGINAL","SWING","303.7","UP","F-maj","4/4","1994-03-12","Charlie Parker","A16B16","","Blue Note","1995"
"212","Joe Lovano","Lonnie's Lament","1","11","ts","POSTBOP","FUNCTIONAL","ORIGINAL","SWING","201","UP","C-min","4/4","1994-03-12","John Coltrane","A8B8","","Blue Note","1995"
"213","Joe Lovano","Work","1","3","ss","POSTBOP","FUNCTIONAL","ORIGINAL","SWING","208.7","UP","G-min","4/4","1991-12-29","Thelonious Monk","A8A8B8","","Blue Note","1992"
"214","John Abercrombie","Ralph's Piano Waltz","1","3","g","POSTBOP","MODAL","ORIGINAL","SWING","196.5","UP","","3/4","1988","John Abercrombie","A28","","Advance Music","1988"
"215","John Coltrane","26-2","1","4","ts","HARDBOP","FUNCTIONAL","ORIGINAL","SWING","194.5","UP","F-maj","4/4","1960-10-24","Coltrane","A8A8B8A8","Confirmation","Atlantic Records","1995"
"216","John Coltrane","Bessie's Blues","1","5","ts","POSTBOP","BLUES","ORIGINAL","SWING","184.3","UP","Eb-maj","4/4","27.04, 01.06.1964","John Coltrane","A12","Blues","impulse!","1987"
"217","John Coltrane","Blues by Five","1","7","ts","HARDBOP","BLUES","ORIGINAL","SWING","176.5","MEDIUM UP","Bb-maj","4/4","1956-10-26","Red Garland","A12","Blues","Prestige","2007"
"218","John Coltrane","Blue Train","1","8","ts","HARDBOP","BLUES","ORIGINAL","SWING","141.4","MEDIUM UP","Eb-maj","4/4","1957-09-15","John Coltrane","A12","Blues","Blue Note","1985"
"219","John Coltrane","Body and Soul","1","2","ts","POSTBOP","FUNCTIONAL","GREAT AMERICAN SONGBOOK","SWING","138","MEDIUM","Db-maj","4/4","1960-10-24","Heyman, Sour, Eyton, Green","A8A8B8A8","","Rhino Records Inc","1984"
"220","John Coltrane","Body and Soul","1","1","ts","POSTBOP","FUNCTIONAL","GREAT AMERICAN SONGBOOK","SWING","141.6","MEDIUM UP","Db-maj","4/4","1960-10-24","Heyman, Sour, Eyton, Green","A8A8B8A8","","Rhino Records Inc","1984"
"221","John Coltrane","Countdown","1","8","ts","HARDBOP","FUNCTIONAL","ORIGINAL","SWING","337.6","UP","Bb-maj","4/4","1959-05-04","Coltrane","A16","Tune Up","Atlantic Records","1995"
"222","John Coltrane","Giant Steps","1","11","ts","HARDBOP","FUNCTIONAL","ORIGINAL","SWING","290.3","UP","Eb-maj","4/4","1959","John Coltrane","A16","","Atlantic Records","1959"
"223","John Coltrane","Giant Steps","2","2","ts","HARDBOP","FUNCTIONAL","ORIGINAL","SWING","299.2","UP","Eb-maj","4/4","1959","John Coltrane","A16","","Atlantic Records","1959"
"224","John Coltrane","Impressions","1","31","ts","POSTBOP","MODAL","ORIGINAL","SWING","293.4","UP","D-min","4/4","1961-11-05","John Coltrane","A8A8B8A8","So what","Impulse","1987"
"225","John Coltrane","Impressions","1","13","ts","POSTBOP","MODAL","ORIGINAL","SWING","278.7","UP","D-min","4/4","1963-10-22","John Coltrane","A8A8B8A8","So what","Pablo Records","1977"
"226","John Coltrane","Mr. P.C.","1","16","ts","HARDBOP","BLUES","ORIGINAL","SWING","258.2","UP","C-min","4/4","1959-05-04","Coltrane","A12","Blues","Atlantic Records","1995"
"227","John Coltrane","My Favorite Things","1","1","ss","POSTBOP","MODAL","GREAT AMERICAN SONGBOOK","SWING","179.3","MEDIUM UP","E-min","3/4","1960-10-21","Richard Rogers & Oscar Hammerstein","open","","Atlantic Records","1995"
"228","John Coltrane","My Favorite Things","2","1","ss","POSTBOP","MODAL","GREAT AMERICAN SONGBOOK","SWING","178.9","MEDIUM UP","E-maj","3/4","1960-10-21","Richard Rogers & Oscar Hammerstein","open","","Atlantic Records","1995"
"229","John Coltrane","Nature Boy","1","1","ts","POSTBOP","MODAL","GREAT AMERICAN SONGBOOK","SWING","186.1","UP","E-min","4/4","18.02.1963","Eden Abhez","open","","Impulse! Records","1965"
"230","John Coltrane","Nutty","1","3","ts","HARDBOP","FUNCTIONAL","ORIGINAL","SWING","137.8","MEDIUM","Bb-maj","4/4","June/July 1957","Thelonious Monk","A8A8B8A8","","Giants of Jazz","1990"
"231","John Coltrane","Oleo","1","4","ts","HARDBOP","FUNCTIONAL","ORIGINAL","SWING","266.2","UP","Bb-maj","4/4","1956-10-26","Sonny Rollins","A8A8B8A8","I Got Rhythm","Prestige","1958"
"232","John Coltrane","Soultrane","1","1","ts","HARDBOP","FUNCTIONAL","ORIGINAL","SWING","82.1","MEDIUM SLOW","Eb-maj","4/4","1956-11-30","Tadd Dameron","A8A8B8A8","","Giants of Jazz","1990"
"233","John Coltrane","So What","1","2","ts","POSTBOP","MODAL","ORIGINAL","SWING","141.6","MEDIUM UP","D-maj","4/4","1959-03-02","Davis/Evans","A8A8B8A8","So What","CBS","1962"
"234","John Coltrane","Trane's Blues","1","7","ts","HARDBOP","BLUES","ORIGINAL","SWING","164.9","MEDIUM UP","Bb-maj","4/4","1956-05-11","John Coltrane","A12","Blues","Giants of Jazz","1990"
"235","Johnny Dodds","Got No Blues","1","1","cl","TRADITIONAL","FUNCTIONAL","ORIGINAL","TWOBEAT","141.9","MEDIUM UP","F-maj","4/4","1927-12-09","Lillian Hardin","A8B8","","Pendragon Press, New York","2007"
"236","Johnny Dodds","Heebie Jeebies","1","1","cl","TRADITIONAL","FUNCTIONAL","GREAT AMERICAN SONGBOOK","TWOBEAT","165.8","MEDIUM UP","Ab-maj","4/4","1926-02-26","Boyd Atkins","A18","","Pendragon Press, New York","2007"
"237","Johnny Dodds","Hotter than That","1","1","cl","TRADITIONAL","FUNCTIONAL","ORIGINAL","TWOBEAT","212.4","UP","Eb-maj","4/4","1927-12-13","Lillian Hardin","A16","","Pendragon Press, New York","2007"
"238","Johnny Dodds","Muskrat Ramble","1","1","cl","TRADITIONAL","FUNCTIONAL","ORIGINAL","TWOBEAT","185.1","UP","Ab-maj","4/4","1926-06-16","Edward Ory","A16","","Pendragon Press, New York","2007"
"239","Johnny Dodds","My Heart","1","1","cl","TRADITIONAL","FUNCTIONAL","ORIGINAL","TWOBEAT","192.2","UP","Eb-maj","4/4","1925-11-12","Lillian Hardin","A8B8","","Pendragon Press, New York","2007"
"240","Johnny Dodds","Once in a While","1","1","cl","TRADITIONAL","FUNCTIONAL","GREAT AMERICAN SONGBOOK","TWOBEAT","208.5","UP","C-maj","4/4","1927-12-10","William H. Butler","A16","","Pendragon Press, New York","2007"
"241","Johnny Hodges","Bunny","1","1","as","SWING","FUNCTIONAL","ORIGINAL","SWING","114.4","MEDIUM","C-maj","4/4","1959-11-17","Shorty Rogers","A8A8B8A8","","Verve Records","1960"
"242","Johnny Hodges","Early Morning Rock","1","2","as","SWING","BLUES","ORIGINAL","SWING","175.6","MEDIUM UP","Eb-maj","4/4","1957-09-03","Johnny Hodges","A12","Blues","PolyGram Records, Inc.","1994"
"243","Joshua Redman","Blues on Sunday","1","6","ts","POSTBOP","BLUES","ORIGINAL","SWING","132.7","MEDIUM","Eb-maj","4/4","1992","Joshua Redman","A12","Blues","Warner Bros.","1993"
"244","Joshua Redman","Home Fries","1","6","ts","POSTBOP","BLUES","ORIGINAL","SWING","181.4","UP","Eb-maj","4/4","1996","Joshua Redman","A16","Blues","Warner Bros.","1996"
"245","Joshua Redman","I Got You","1","3","ts","FUSION","BLUES","ORIGINAL","FUNK","145.2","MEDIUM UP","G-min","4/4","1992","James Brown","A12","Blues","Warner Bros.","1993"
"246","Joshua Redman","Sweet Sorrow","1","1","ts","POSTBOP","COLOR","ORIGINAL","BALLAD","53","SLOW","G-min","6/8","1994","Redman","A8A8B8B8","","Warner Bros.","1994"
"247","Joshua Redman","Tears in Heaven","1","2","ts","FUSION","FUNCTIONAL","ORIGINAL","FUNK","84","MEDIUM SLOW","Bb-maj","4/4","1993","Eric Clapton/Will Jennings","A10B10","","Warner Bros.","1993"
"248","Kai Winding","Tiny's Blues","1","5","tb","BEBOP","BLUES","ORIGINAL","SWING","222.5","UP","F-maj","4/4","1948","Kahn/Cohn","A12","Blues","Trumpets of Jericho Ltd.",""
"249","Kenny Dorham","Blues in Be-Bop","1","2","tp","BEBOP","BLUES","ORIGINAL","SWING","186.7","UP","Eb-maj","4/4","1946-09-04","McKinley/Dorham","A12","Blues","Membran Music Ltd.","2005"
"250","Kenny Dorham","Doodlin'","1","3","tp","HARDBOP","BLUES","ORIGINAL","SWING","121.1","MEDIUM","Db-maj","4/4","1954-11-13","H.Silver","A12","Blues","Membran Music Ltd.","2005"
"251","Kenny Dorham","In 'n Out","1","12","tp","POSTBOP","BLUES","ORIGINAL","SWING","294","UP","Eb-maj","4/4","1964-04-10","Joe Henderson","A12","Blues","Blue Note","1964"
"252","Kenny Dorham","Lady Bird","1","5","tp","HARDBOP","FUNCTIONAL","ORIGINAL","SWING","211.6","UP","C-maj","4/4","1955-11-11","T.Dameron","A16","","Membran Music Ltd.","2005"
"253","Kenny Dorham","Prince Albert","1","3","tp","HARDBOP","FUNCTIONAL","ORIGINAL","SWING","152.9","MEDIUM UP","F-min","4/4","1955-11-11","K.Dorham","A8B8C8D12","All the things you are","Membran Music Ltd.","2005"
"254","Kenny Dorham","Punjab","1","4","tp","POSTBOP","COLOR","ORIGINAL","SWING","154.9","MEDIUM UP","D-chrom","4/4","1964-04-10","Joe Henderson","A10B8","","Blue Note","1964"
"255","Kenny Dorham","Serenity","1","2","tp","POSTBOP","FUNCTIONAL","ORIGINAL","SWING","154.9","MEDIUM UP","Eb-maj","4/4","1964-04-10","Joe Henderson","A14","","Blue Note","1964"
"256","Kenny Garrett","Brother Hubbard","1","1","as","FUSION","COLOR","ORIGINAL","FUNK","148","MEDIUM UP","D-min","4/4","07.-08.01.1997","Kenny Garett","A8A8B9","","Warner Bros. Records","1997"
"257","Kenny Garrett","Brother Hubbard","2","2","as","FUSION","COLOR","ORIGINAL","FUNK","143.2","MEDIUM UP","D-min","4/4","07.-08.01.1997","Kenny Garett","A8A8B9","","Warner Bros. Records","1997"
"258","Kenny Wheeler","Double Vision","1","1","tp","POSTBOP","COLOR","ORIGINAL","LATIN/FUNK","155.1","MEDIUM UP","D#-maj","4/4","1985-06-06","Dave Holland","open","","ECM","1985"
"259","Kenny Wheeler","Pass It On","1","2","tp","FUSION","MODAL","ORIGINAL","FUNK","105.7","MEDIUM SLOW","C-min","4/4","1991-04-29","Dave Holland","A4A4B4A8","","Novus","1992"
"260","Kenny Wheeler","Slipped again","1","3","tp","POSTBOP","BLUES","ORIGINAL","SWING","130.1","MEDIUM","F-maj","4/4","1991-04-29","Thad Jones","A12","Blues","Novus","1992"
"261","Kid Ory","Got No Blues","1","1","tb","TRADITIONAL","FUNCTIONAL","ORIGINAL","TWOBEAT","144.7","MEDIUM UP","F-maj","4/4","1927-12-09","Lillian Hardin","A8B8","","Pendragon Press, New York","2007"
"262","Kid Ory","Gut Bucket Blues","1","1","tb","TRADITIONAL","BLUES","ORIGINAL","TWOBEAT","149.8","MEDIUM UP","C-maj","4/4","1925-11-12","Louis Armstrong","A12","Blues","Pendragon Press, New York","2007"
"263","Kid Ory","Muskrat Ramble","1","1","tb","TRADITIONAL","FUNCTIONAL","ORIGINAL","TWOBEAT","184","UP","Ab-maj","4/4","1926-06-16","Edward Ory","A16","","Pendragon Press, New York","2007"
"264","Kid Ory","Savoy Blues","1","1","tb","TRADITIONAL","BLUES","ORIGINAL","TWOBEAT","129.6","MEDIUM","G-maj","4/4","1927-12-13","Edward Ory","A12","Blues","Pendragon Press, New York","2007"
"265","Kid Ory","Who's it","1","1","tb","TRADITIONAL","FUNCTIONAL","ORIGINAL","TWOBEAT","211.6","UP","C-maj","4/4","1926-06-16","Beatrice Jones","A32","","Pendragon Press, New York","2007"
"266","Lee Konitz","All the Things You Are","1","3","as","COOL","FUNCTIONAL","GREAT AMERICAN SONGBOOK","SWING","192.5","UP","Ab-maj","4/4","1955-06-11","J. Kern, O. Hammerstein","A8B8C8D12","","Membran Music Ltd.","2005"
"267","Lee Konitz","Bop Goes to Leesel","1","6","as","COOL","BLUES","ORIGINAL","SWING","229.2","UP","Bb-maj","4/4","1954-08-06","Marsh","A12","Blues","Membran Music Ltd.","2005"
"268","Lee Konitz","Crosscurrent","1","1","as","COOL","FUNCTIONAL","ORIGINAL","SWING","255.8","UP","F-maj","4/4","1949-03-04","Lennie Tristano","A8B8C8A8","","Membran Music Ltd.","2005"
"269","Lee Konitz","I'll Remember April","1","3","as","COOL","FUNCTIONAL","GREAT AMERICAN SONGBOOK","SWING","211.2","UP","G-maj","4/4","1954-08-06","Raye/DePaul/Johnston","A16B16A16","","Membran Music Ltd.","2005"
"270","Lee Konitz","Marshmallow","1","1","as","COOL","FUNCTIONAL","ORIGINAL","SWING","298.6","UP","Bb-maj","4/4","1949-06-28","","A8A8B8A8","","Quadromania","2005"
"271","Lee Konitz","Mean to Me","1","2","as","COOL","FUNCTIONAL","GREAT AMERICAN SONGBOOK","SWING","138.9","MEDIUM","Eb-maj","4/4","1954-08-06","Turk - Ahlert","A8A8B8A8","","Membran Music Ltd.","2005"
"272","Lee Konitz","Tautology","1","2","as","COOL","FUNCTIONAL","ORIGINAL","SWING","265.8","UP","F-maj","4/4","1949-09-27","Lee Konitz","A8B8C8A8","","Quadromania","2005"
"273","Lee Konitz","Wow","1","1","as","COOL","FUNCTIONAL","ORIGINAL","SWING","173.7","MEDIUM UP","F-maj","4/4","1949-03-04","","A8B8A8B8","","Membran Music Ltd.","2005"
"274","Lee Morgan","Blue Train","1","1","tp","HARDBOP","BLUES","ORIGINAL","SWING","133.6","MEDIUM","Eb-maj","4/4","1957-09-15","John Coltrane","A12","Blues","Blue Note","1985"
"275","Lee Morgan","Just One of Those Things","1","2","tp","HARDBOP","FUNCTIONAL","GREAT AMERICAN SONGBOOK","SWING","318.7","UP","D-min","4/4","1957-09-29","Cole Porter","A16A16B16A16","","Blue Note","1958"
"276","Lee Morgan","The Sidewinder","1","3","tp","HARDBOP","BLUES","ORIGINAL","LATIN","156.3","MEDIUM UP","Eb-maj","4/4","1963-12-21","Lee Morgan","A24","Blues","Blue Note","1989"
"277","Lee Morgan","Totem Pole","1","2","tp","POSTBOP","FUNCTIONAL","ORIGINAL","SWING","138.4","MEDIUM","Eb-min","4/4","1963-12-21","Lee Morgan","A8A8B8A8","","Blue Note","1989"
"278","Lester Young","After Theatre Jump","1","2","ts","SWING","FUNCTIONAL","ORIGINAL","SWING","176","MEDIUM UP","Db-maj","4/4","1944-03-22","Wells","A8A8B8A8","I Got Rhythm","Membran Music Ltd..","2005"
"279","Lester Young","Body and Soul","1","1","ts","SWING","FUNCTIONAL","GREAT AMERICAN SONGBOOK","SWING","79.2","SLOW","Db-maj","4/4","1942-07-15","Heyman, Sour, Eyton, Green","A8A8B8A8","","Proper Records","2000"
"280","Lester Young","D.B. Blues","1","1","ts","SWING","BLUES","ORIGINAL","SWING","151.1","MEDIUM UP","Bb-maj","4/4","1945-12-01","L. Young/K. Pleasure","A12","Blues","Membran Music Ltd..","2005"
"281","Lester Young","Destination K.C.","1","2","ts","SWING","FUNCTIONAL","ORIGINAL","SWING","246","UP","C-maj","4/4","1944-03-22","Clayton","A8A8B8A8","I Got Rhythm","Membran Music Ltd.","2005"
"282","Lester Young","Dickie's Dream","1","1","ts","SWING","FUNCTIONAL","ORIGINAL","SWING","229.3","UP","C-min","4/4","1939-09-05","Basie-Young","A8A8B8A8","","Membran Music Ltd.","2005"
"283","Lester Young","Lester Leaps In","1","2","ts","SWING","FUNCTIONAL","ORIGINAL","SWING","251.4","UP","Bb-maj","4/4","1939-09-05","Lester Young","A8A8B8C8","I Got Rhythm","Membran Music Ltd.","2005"
"284","Lester Young","Six Cats and a Prince","1","2","ts","SWING","FUNCTIONAL","ORIGINAL","SWING","220.1","UP","Bb-maj","4/4","1944-03-22","Clayton","A8A8B8A8","","Membran Music Ltd.","2005"
"285","Lionel Hampton","Avalon","1","1","vib","SWING","FUNCTIONAL","GREAT AMERICAN SONGBOOK","SWING","241","UP","Eb-maj","4/4","1937-02-03","Jolson/Rose","A8A8B8A8","","History/This is Music","1998"
"286","Lionel Hampton","Dinah","1","2","vib","SWING","FUNCTIONAL","GREAT AMERICAN SONGBOOK","SWING","199.5","UP","Ab-maj","4/4","1939-12-21","Sam M. Lewis, Joe Youg, Harry Akst","A8A8B8A8","","History/This is Music","1989"
"287","Lionel Hampton","High Society","1","1","vib","SWING","FUNCTIONAL","GREAT AMERICAN SONGBOOK","SWING","245.1","UP","Eb-maj","4/4","1939-04-03","Porter Steele, Walter Melrose","A16B16","","History/This is Music","1989"
"288","Lionel Hampton","Memories of You","1","1","vib","SWING","FUNCTIONAL","GREAT AMERICAN SONGBOOK","SWING","81.8","MEDIUM SLOW","Eb-maj","4/4","1939-06-13","Andy Razaf, Eubie Blake","A8A8B88","","History/This is Music","1989"
"289","Lionel Hampton","Runnin' Wild","1","1","vib","SWING","FUNCTIONAL","GREAT AMERICAN SONGBOOK","SWING","281.1","UP","Bb-maj","4/4","1937-02-03","Grey/Wood/Gibs","A8A8B8B8","","History/This is Music","1998"
"290","Lionel Hampton","Whispering","1","1","vib","SWING","FUNCTIONAL","GREAT AMERICAN SONGBOOK","SWING","99.5","MEDIUM SLOW","Eb-maj","4/4","1936-12-02","Schonberger/Coburn/Rose","A16B16","","History/This is Music","1998"
"291","Louis Armstrong","Basin Street Blues","1","3","tp","TRADITIONAL","BLUES","GREAT AMERICAN SONGBOOK","TWOBEAT","107.2","MEDIUM SLOW","Bb-maj","4/4","1928-12-04","Williams","A12","Blues","Giants of Jazz","1990"
"292","Louis Armstrong","Big Butter and Egg Man","1","1","cor","TRADITIONAL","FUNCTIONAL","ORIGINAL","TWOBEAT","196.7","UP","G-maj","4/4","1926-11-16","Percy Venable","A32","","Pendragon Press, New York","2007"
"293","Louis Armstrong","Cornet Chop Suey","1","1","cor","TRADITIONAL","FUNCTIONAL","ORIGINAL","TWOBEAT","192.2","UP","F-maj","4/4","1926-02-26","Louis Armstrong","A16","","Pendragon Press, New York","2007"
"294","Louis Armstrong","Got No Blues","1","2","cor","TRADITIONAL","FUNCTIONAL","ORIGINAL","TWOBEAT","142.8","MEDIUM UP","F-maj","4/4","1927-12-09","Lillian Hardin","A8B8","","Pendragon Press, New York","2007"
"295","Louis Armstrong","Gut Bucket Blues","1","1","cor","TRADITIONAL","BLUES","ORIGINAL","TWOBEAT","146","MEDIUM UP","C-maj","4/4","1925-11-12","Louis Armstrong","A12","Blues","Pendragon Press, New York","2007"
"296","Louis Armstrong","Muskrat Ramble","1","1","cor","TRADITIONAL","FUNCTIONAL","ORIGINAL","TWOBEAT","183.7","UP","Ab-maj","4/4","1926-06-16","Edward Ory","A16","","Pendragon Press, New York","2007"
"297","Louis Armstrong","Once in a While","1","1","cor","TRADITIONAL","FUNCTIONAL","GREAT AMERICAN SONGBOOK","TWOBEAT","197.7","UP","F-maj","4/4","1927-12-10","William H. Butler","A16","","Pendragon Press, New York","2007"
"298","Louis Armstrong","Savoy Blues","1","2","cor","TRADITIONAL","BLUES","ORIGINAL","TWOBEAT","129.3","MEDIUM","G-maj","4/4","1927-12-13","Edward Ory","A12","Blues","Pendragon Press, New York","2007"
"299","Michael Brecker","Cabin Fever","1","16","ts","POSTBOP","BLUES","ORIGINAL","SWING","299.9","UP","Bb-maj","4/4","1996","Michael Brecker","A12","Blues","Impulse! Records","1996"
"300","Michael Brecker","Confirmation","1","7","ts","POSTBOP","FUNCTIONAL","ORIGINAL","SWING","208.9","UP","F-maj","4/4","1981","Charlie Parker","A8A8B8A8","","Stretch Records","1981"
"301","Michael Brecker","Delta City Blues","1","4","ts","POSTBOP","BLUES","ORIGINAL","SWING","281.7","UP","Bb-maj","4/4","1998","Michael Brecker","A24","Blues","Impulse! Records","1998"
"302","Michael Brecker","I Mean You","1","2","ts","POSTBOP","FUNCTIONAL","ORIGINAL","SWING","180","UP","F-maj","4/4","12-14.04.1995","Hawkins/Monk","A8A8B8A8","","Impulse! Records","1995"
"303","Michael Brecker","Midnight Voyage","1","2","ts","POSTBOP","COLOR","ORIGINAL","SWING","125.6","MEDIUM","C-min","4/4","1996","Joey Calderazzo","A8A8B16A8","","impulse","1996"
"304","Michael Brecker","Naked Soul","1","2","ts","POSTBOP","COLOR","ORIGINAL","SWING","92.4","MEDIUM SLOW","","4/4","1996","Michael Brecker","A8B8C8D8","","Impulse! Records","1996"
"305","Michael Brecker","Never Alone","1","1","ts","POSTBOP","COLOR","ORIGINAL","BALLAD","48.8","SLOW","Ab","4/4","1990","Michael Brecker","A20B25","","GPR Records","1990"
"306","Michael Brecker","Nothing Personal","1","5","ts","POSTBOP","BLUES","ORIGINAL","SWING","243.8","UP","G-min","4/4","1987","Grolnick","A12","Blues","Impulse! Records","1987"
"307","Michael Brecker","Peep","1","4","ts","POSTBOP","COLOR","ORIGINAL","SWING","319.7","UP","","4/4","1990","Brecker","A38B34C8","","GRP Records / Stretch Records","1990"
"308","Michael Brecker","Song for Bilbao","1","2","ts","POSTBOP","COLOR","ORIGINAL","SWING","184.1","UP","C-maj","","1996","Pat Metheny","A8A8B4A8","","Impulse! Records","1996"
"309","Miles Davis","Agitation","1","5","tp","POSTBOP","MODAL","ORIGINAL","SWING","252.8","UP","","4/4","20.22.01.1965","M. Davis","A4A4B4A4A4B4A4","","Columbia","1965"
"310","Miles Davis","Airegin","1","3","tp","HARDBOP","FUNCTIONAL","ORIGINAL","SWING","241.3","UP","Ab-maj","4/4","1954-06-29","Sonny Rollins","A8B12A8C8","","Prestige","1980"
"311","Miles Davis","Bitches Brew","1","1","tp","FUSION","COLOR","ORIGINAL","FUNK","97.5","MEDIUM SLOW","C-chrom","4/4","1969-08-19","Miles Davis","open","","CBS","1992"
"312","Miles Davis","Bitches Brew","2","1","tp","FUSION","COLOR","ORIGINAL","FUNK","99.6","MEDIUM SLOW","C-chrom","4/4","1969-08-19","Miles Davis","open","","CBS","1992"
"313","Miles Davis","Blues by Five","1","8","tp","HARDBOP","BLUES","ORIGINAL","SWING","177.9","MEDIUM UP","Bb-maj","4/4","1956-10-26","Red Garland","A12","Blues","Prestige","2007"
"314","Miles Davis","Dolores","1","5","tp","POSTBOP","COLOR","ORIGINAL","SWING","274.6","UP","","4/4","24-25.10.1966","Shorter","A8B6A8","","Columbia","1967"
"315","Miles Davis","E.S.P.","1","6","tp","POSTBOP","COLOR","ORIGINAL","SWING","291.4","UP","F-maj","4/4","September 1964?","Shorter/Davis","A16A16","","Columbia","1991"
"316","Miles Davis","Eighty-One","1","6","tp","POSTBOP","BLUES","ORIGINAL","SWING","138.3","MEDIUM","F-maj","4/4","September 1964?","Carter/Davis","A12","Blues","Columbia","1991"
"317","Miles Davis","K.C. Blues","1","2","tp","BEBOP","BLUES","ORIGINAL","SWING","120.1","MEDIUM","C-maj","4/4","1951-01-17","Parker","A12","Blues","Proper Records","2002"
"318","Miles Davis","Miles Runs the Voodoo Down","1","1","tp","FUSION","COLOR","ORIGINAL","FUNK","118.3","MEDIUM","F-maj","4/4","1969-08-20","Miles Davis","open","","CBS","1992"
"319","Miles Davis","Miles Runs the Voodoo Down","2","1","tp","FUSION","COLOR","ORIGINAL","FUNK","117.9","MEDIUM","F-maj","4/4","1969-08-20","Miles Davis","open","","CBS","1992"
"320","Miles Davis","Oleo","1","2","tp","HARDBOP","FUNCTIONAL","ORIGINAL","SWING","271.1","UP","Bb-maj","4/4","1956-10-26","Sonny Rollins","A8A8B8A8","I Got Rhythm","Prestige","1958"
"321","Miles Davis","Oleo","2","2","tp","HARDBOP","FUNCTIONAL","ORIGINAL","SWING","268","UP","Bb-maj","4/4","1956-10-26","Sonny Rollins","A8A8B8A8","I Got Rhythm","Prestige","1958"
"322","Miles Davis","Orbits","1","1","tp","POSTBOP","COLOR","ORIGINAL","SWING","264.3","UP","","4/4","24-25.10.1966","Shorter","open","","Columbia","1967"
"323","Miles Davis","So What","1","2","tp","POSTBOP","MODAL","ORIGINAL","SWING","138.5","MEDIUM","D-maj","4/4","1959-03-02","Davis/Evans","A8A8B8A8","So What","CBS","1962"
"324","Miles Davis","Trane's Blues","1","5","tp","HARDBOP","BLUES","ORIGINAL","SWING","164","MEDIUM UP","Bb-maj","4/4","1956-05-11","John Coltrane","A12","Blues","Giants of Jazz","1990"
"325","Miles Davis","Tune Up","1","3","tp","HARDBOP","FUNCTIONAL","ORIGINAL","SWING","281.5","UP","D-maj","4/4","1953-03-19","Miles Davis","A16B16","","",""
"326","Miles Davis","Vierd Blues","1","3","tp","HARDBOP","BLUES","ORIGINAL","SWING","114.7","MEDIUM","Bb-maj","4/4","1956-03-16","","A12","Blues","Prestige","1992"
"327","Miles Davis","Walkin'","1","7","tp","HARDBOP","BLUES","ORIGINAL","SWING","127.7","MEDIUM","F-maj","4/4","1954-04-29","Miles Davis/Richard Carpenter","A12","Blues","Prestige","1957"
"328","Milt Jackson","All the Things You Are","1","1","vib","COOL","FUNCTIONAL","GREAT AMERICAN SONGBOOK","SWING","166.9","MEDIUM UP","Ab-maj","4/4","1952-12-22","J. Kern, O. Hammerstein","A8B8C8D12","","Membran International","2005"
"329","Milt Jackson","Bag's Groove","1","2","vib","BEBOP","BLUES","ORIGINAL","SWING","175.1","MEDIUM UP","F-maj","4/4","1952-04-07","Milt Jackson","A12","Blues","Membran International","2005"
"330","Milt Jackson","Bemsha Swing","1","5","vib","COOL","FUNCTIONAL","ORIGINAL","SWING","152.3","MEDIUM UP","C-maj","4/4","1954-12-24","Thelonious Monk, Denzil Best","A8B8","","Quadromania","2005"
"331","Milt Jackson","Don't Get Around Much Anymore","1","1","vib","BEBOP","FUNCTIONAL","GREAT AMERICAN SONGBOOK","SWING","182.6","UP","C-maj","4/4","1952-04-07","Ellington/Russel","A8A8B8A8","","Membran International","2005"
"332","Milt Jackson","Softly as in a Morning Sunrise","1","3","vib","COOL","MODAL","GREAT AMERICAN SONGBOOK","SWING","137.3","MEDIUM","C-min","4/4","1955-07-02","S. Romberg/O. Hammerstein","A8A8B8A8","","Membran International","2005"
"333","Milt Jackson","What's New","1","1","vib","BEBOP","FUNCTIONAL","GREAT AMERICAN SONGBOOK","SWING","71.5","SLOW","C-maj","4/4","1952-04-07","Haggart/Burke","B8A8","","Membran International","2005"
"334","Nat Adderley","Bohemia After Dark","1","3","tp","HARDBOP","FUNCTIONAL","ORIGINAL","SWING","295.4","UP","G-min","4/4","18. + 20.10.1959","Oscar Pettiford","A8A8B8A8","","Riverside","1989"
"335","Nat Adderley","Work Song","1","3","tp","HARDBOP","FUNCTIONAL","ORIGINAL","SWING","155.4","MEDIUM UP","F-min","4/4","1960-02-01","Nat Adderley","A16","","Giants of Jazz","1993"
"336","Ornette Coleman","Bird Food","1","1","as","FREE","FREE","ORIGINAL","SWING","255.8","UP","","","8-9.10.1959","Coleman","open","","Atlantic Records","1992"
"337","Ornette Coleman","Chronology","1","1","as","FREE","FREE","ORIGINAL","SWING","236","UP","","","1959-05-22","Coleman","open","","Atlantic Records","1959"
"338","Ornette Coleman","Congeniality","1","1","as","FREE","FREE","ORIGINAL","SWING","232.6","UP","","","1959-05-22","Coleman","open","","Atlantic Records","1959"
"339","Ornette Coleman","Peace","1","1","as","FREE","FREE","ORIGINAL","SWING","125.7","MEDIUM","","","1959-05-22","Coleman","open","","Atlantic Records","1959"
"340","Ornette Coleman","Ramblin'","1","1","as","FREE","FREE","ORIGINAL","SWING","201.3","UP","","","8-9.10.1959","Coleman","open","","Atlantic Records","1992"
"341","Pat Martino","Along Came Betty","1","2","g","POSTBOP","FUNCTIONAL","ORIGINAL","LATIN","132.7","MEDIUM","Ab-maj","4/4","1974-07-10","Benny Golson","A16B8C8","","Muse Records","1989"
"342","Pat Metheny","All the Things You Are","1","6","g","POSTBOP","FUNCTIONAL","GREAT AMERICAN SONGBOOK","SWING","306.7","UP","F-maj","4/4","1989-12-21","J. Kern, O. Hammerstein","A8B8C8D12","","Geffen Records","1990"
"343","Pat Metheny","Cabin Fever","1","8","g","POSTBOP","BLUES","ORIGINAL","SWING","308.1","UP","Bb-maj","4/4","1996","Michael Brecker","A12","Blues","Impulse! Records","1996"
"344","Pat Metheny","Midnight Voyage","1","1","g","POSTBOP","COLOR","ORIGINAL","SWING","127.7","MEDIUM","C-min","4/4","1996","Joey Calderazzo","A8A8B16A8","","Impulse! Records","1996"
"345","Pat Metheny","Nothing Personal","1","3","g","POSTBOP","BLUES","ORIGINAL","SWING","242.1","UP","G-min","4/4","1987","Grolnick","A12","Blues","Impulse! Records","1987"
"346","Paul Desmond","Alianca","1","2","as","COOL","FUNCTIONAL","ORIGINAL","LATIN","232.7","UP","Bb-maj","4/4","1964-07-30","Paul Desmond","A16B16","","Rca Victor","1999"
"347","Paul Desmond","Alianca","2","1","as","COOL","FUNCTIONAL","ORIGINAL","LATIN","235.9","UP","Bb-maj","4/4","1964-07-30","Paul Desmond","A16B16","","Rca Victor","1999"
"348","Paul Desmond","Alone Together","1","3","as","COOL","FUNCTIONAL","GREAT AMERICAN SONGBOOK","SWING","199.9","UP","C-min","4/4","1963-06-12","","A14A14B8A8","","Rca Victor",""
"349","Paul Desmond","Blue Rondo a la Turk","1","4","as","COOL","BLUES","ORIGINAL","SWING","117.1","MEDIUM","F-maj","4/4","25 Juni - 18. August 1959","Dave Brubeck","A12","Blues","Columbia Records","1959"
"350","Paul Desmond","Bossa Antigua","1","2","as","COOL","FUNCTIONAL","ORIGINAL","LATIN","191.6","UP","Ab-maj","4/4","1964-07-28","Paul Desmond","A8B8C8A8","","Rca Victor","1999"
"351","Paul Desmond","Samba Cantina","1","2","as","COOL","FUNCTIONAL","ORIGINAL","LATIN","150.8","MEDIUM UP","F-min","4/4","1964-07-28","Paul Desmond","A16B16","","Rca Victor","1999"
"352","Paul Desmond","Samba Cantina","2","1","as","COOL","FUNCTIONAL","ORIGINAL","LATIN","152.7","MEDIUM UP","F-min","4/4","1964-07-28","Paul Desmond","A16B16","","Rca Victor","1999"
"353","Paul Desmond","The Girl from East 9th Street","1","2","as","COOL","FUNCTIONAL","ORIGINAL","LATIN","142.1","MEDIUM UP","Ab-maj","4/4","1964-08-20","Paul Desmond","A8B8A8B8","","Rca Victor","1999"
"354","Pepper Adams","A Night in Tunisia","1","2","bs","HARDBOP","FUNCTIONAL","ORIGINAL","LATIN","127.7","MEDIUM","D-min","4/4","1957-09-29","Dizzie Gillespie","A8A8B8A8","","Blue Note","1958"
"355","Pepper Adams","Early Morning Mood","1","3","bs","HARDBOP","BLUES","ORIGINAL","SWING","59.8","SLOW","G-maj","4/4","1958-12-30","Chet Baker","A12","Blues","Riverside Records","1959"
"356","Pepper Adams","How High the Moon","1","1","bs","HARDBOP","FUNCTIONAL","GREAT AMERICAN SONGBOOK","SWING","115.7","MEDIUM","G-maj","4/4","1958-12-30","Hamilton/Lewis","A16B16","","Riverside Records","1959"
"357","Pepper Adams","Just One of Those Things","1","2","bs","HARDBOP","FUNCTIONAL","GREAT AMERICAN SONGBOOK","SWING","314","UP","F-maj","4/4","1957-09-29","Cole Porter","A16A16B16A16","","Blue Note","1958"
"358","Pepper Adams","You'd Be So Nice to Come Home to","1","1","bs","HARDBOP","FUNCTIONAL","GREAT AMERICAN SONGBOOK","SWING","88.6","MEDIUM SLOW","C-maj","4/4","1958-12-30","Cole Porter","A16B16","","Riverside Records","1959"
"359","Phil Woods","Be My Love","1","3","as","BEBOP","FUNCTIONAL","GREAT AMERICAN SONGBOOK","SWING","218","UP","F-maj","4/4","1955-11-25","Nicholas Brodzky","A8B8A8C12","","Membran Music Ltd.","2004"
"360","Phil Woods","Cotton Tail","1","1","as","BEBOP","FUNCTIONAL","GREAT AMERICAN SONGBOOK","SWING","241.5","UP","Bb-maj","4/4","1961-11-15","Duke Ellington","A8A8B8A8","I Got Rhythm","Impulse! Records","1997"
"361","Phil Woods","Crazy Rhythm","1","1","as","BEBOP","FUNCTIONAL","GREAT AMERICAN SONGBOOK","SWING","236.2","UP","F-maj","4/4","1961-11-15","Meyer, Kahn, Caesar","A8A8B8A8","","Impulse! Records","1997"
"362","Phil Woods","Honeysuckle Rose","1","1","as","BEBOP","FUNCTIONAL","GREAT AMERICAN SONGBOOK","SWING","233.3","UP","F-maj","4/4","1961-11-15","Razaf/Waller","A8A8B8A8","","Impulse! Records","1997"
"363","Phil Woods","On a Slow Boat to China","1","4","as","BEBOP","FUNCTIONAL","GREAT AMERICAN SONGBOOK","SWING","242.6","UP","Bb-maj","4/4","1955-11-25","Frank Loesser","A16B16","","Membran Music Ltd.","2004"
"364","Phil Woods","Strollin' with Pam","1","7","as","BEBOP","BLUES","ORIGINAL","SWING","138.9","MEDIUM","Eb-maj","4/4","1955-11-25","","A12","Blues","Membran Music Ltd","2004"
"365","Red Garland","Oleo","1","2","p","HARDBOP","FUNCTIONAL","ORIGINAL","SWING","264.9","UP","Bb-maj","4/4","1956-10-26","Sonny Rollins","A8A8B8A8","I Got Rhythm","Prestige","1958"
"366","Rex Stewart","Perdido","1","2","cor","SWING","FUNCTIONAL","GREAT AMERICAN SONGBOOK","SWING","177.8","MEDIUM UP","Bb-maj","4/4","1950","Tizol","A8A8B8A8","","Membran Music Ltd.","2005"
"367","Roy Eldridge","Body and Soul","1","1","tp","SWING","FUNCTIONAL","GREAT AMERICAN SONGBOOK","SWING","107","MEDIUM SLOW","Db-maj","4/4","1938-11-11","Heyman, Sour, Eyton, Green","A8A8B8A8","","Classic Records","1994"
"368","Roy Eldridge","King David","1","2","tp","SWING","BLUES","ORIGINAL","SWING","149.8","MEDIUM UP","Bb-maj","4/4","1950-06-08","Roy Eldridge","A12","Blues","Membran Music Ltd.","2005"
"369","Roy Eldridge","St. Louis Blues","1","1","tp","SWING","BLUES","GREAT AMERICAN SONGBOOK","SWING","361.3","UP","G-maj","4/4","1944-10-13","W.C. Handy","A12A12B8A12","Blues","History - (Trumpets of Jericho)s",""
"370","Roy Eldridge","The Gasser","1","2","tp","SWING","FUNCTIONAL","ORIGINAL","SWING","231.3","UP","Ab-maj","4/4","1943-11-16","Eldridge","A8B8","","History - (Trumpets of Jericho)s",""
"371","Roy Eldridge","The Gasser","2","2","tp","SWING","FUNCTIONAL","ORIGINAL","SWING","237.7","UP","Ab-maj","4/4","1943-11-16","Eldridge","A8B8","","History - (Trumpets of Jericho)s",""
"372","Roy Eldridge","Undecided","1","2","tp","SWING","FUNCTIONAL","GREAT AMERICAN SONGBOOK","SWING","243.6","UP","Bb-maj","4/4","1950-06-08","Robbin-Shavers","A16B8A8","","Membran Music Ltd.","2005"
"373","Sidney Bechet","Baby Won't You Please Come Home","1","1","ss","TRADITIONAL","FUNCTIONAL","GREAT AMERICAN SONGBOOK","TWOBEAT","207","UP","Bb-maj","4/4","1941-04-02","Warfield, Wiliams","A8B8","","Trumpets of Jericho Ltd.",""
"374","Sidney Bechet","I'm Coming Virginia","1","1","ss","TRADITIONAL","FUNCTIONAL","GREAT AMERICAN SONGBOOK","TWOBEAT","192.8","UP","F-maj","4/4","1941-09-13","Heywood","A8B8C8","","Trumpets of Jericho Ltd.",""
"375","Sidney Bechet","Limehouse Blues","1","1","ss","TRADITIONAL","FUNCTIONAL","GREAT AMERICAN SONGBOOK","TWOBEAT","273.6","UP","Ab-maj","4/4","1941-09-13","Braham, Furber","A16B16C16D16","","Trumpets of Jericho Ltd.",""
"376","Sidney Bechet","Really the Blues","1","2","ss","TRADITIONAL","BLUES","ORIGINAL","TWOBEAT","70.6","SLOW","Bb-maj","4/4","1938-11-28","Mezzrow","A12","Blues","Trumpets of Jericho Ltd.",""
"377","Sidney Bechet","Summertime","1","4","ss","TRADITIONAL","FUNCTIONAL","GREAT AMERICAN SONGBOOK","TWOBEAT","84.2","MEDIUM SLOW","G-min","4/4","1938-06-08","Gershwin","A8B8","","Trumpets of Jericho Ltd.",""
"378","Sonny Rollins","Airegin","1","3","ts","HARDBOP","FUNCTIONAL","ORIGINAL","SWING","242.6","UP","Ab-maj","4/4","1954-06-29","Sonny Rollins","A8B12A8C8","","Prestige","1980"
"379","Sonny Rollins","Blue Seven","1","5","ts","HARDBOP","BLUES","ORIGINAL","SWING","134.6","MEDIUM","Bb-maj","4/4","1956-06-22","Sonny Rollins","A12","Blues","CD Company Italy","1990"
"380","Sonny Rollins","Blue Seven","2","2","ts","HARDBOP","BLUES","ORIGINAL","SWING","137.6","MEDIUM","Bb-maj","4/4","1956-06-22","Sonny Rollins","A12","Blues","CD Company Italy","1990"
"381","Sonny Rollins","Blue Seven","3","2","ts","HARDBOP","BLUES","ORIGINAL","SWING","133.3","MEDIUM","Bb-maj","4/4","1956-06-22","Sonny Rollins","A12","Blues","CD Company Italy","1990"
"382","Sonny Rollins","I'll Remember April","1","2","ts","HARDBOP","FUNCTIONAL","GREAT AMERICAN SONGBOOK","SWING","294","UP","G-maj","4/4","1956-02-16","Raye/DePaul/Johnston","A16B16A16","","EmArcy","1991"
"383","Sonny Rollins","Playin' in the Yard","1","1","ts","FUSION","FUNCTIONAL","ORIGINAL","FUNK","155.2","MEDIUM UP","G-maj","4/4","1972","","A16","","Milestone","1972"
"384","Sonny Rollins","Playin' in the Yard","2","1","ts","FUSION","FUNCTIONAL","ORIGINAL","FUNK","159.4","MEDIUM UP","G-maj","4/4","1972","","A16","","Milestone","1972"
"385","Sonny Rollins","St. Thomas","1","5","ts","HARDBOP","FUNCTIONAL","ORIGINAL","LATIN","207","UP","C-maj","4/4","1956-06-22","Sonny Rollins","A16","","Prestige","1987"
"386","Sonny Rollins","St. Thomas","2","4","ts","HARDBOP","FUNCTIONAL","ORIGINAL","LATIN","224.1","UP","C-maj","4/4","1956-06-22","Sonny Rollins","A16","","Prestige","1987"
"387","Sonny Rollins","Tenor Madness","1","8","ts","HARDBOP","BLUES","ORIGINAL","SWING","175.6","MEDIUM UP","Bb-maj","4/4","1956-06-22","Sonny Rollins","A12","Blues","CD Company Italy","1990"
"388","Sonny Rollins","The Everywhere Calypso","1","13","ts","POSTBOP","FUNCTIONAL","ORIGINAL","LATIN","192.6","UP","C-maj","4/4","1972","","A12","","Milestone","1972"
"389","Sonny Rollins","The Everywhere Calypso","2","19","ts","POSTBOP","FUNCTIONAL","ORIGINAL","LATIN","197.2","UP","C-maj","4/4","1972","","A12","","Milestone","1972"
"390","Sonny Rollins","Vierd Blues","1","6","ts","HARDBOP","BLUES","ORIGINAL","SWING","114.4","MEDIUM","Bb-maj","4/4","1956-03-16","","A12","Blues","Prestige","1992"
"391","Sonny Stitt","Blue Mode","1","1","ts","BEBOP","BLUES","ORIGINAL","SWING","60.7","SLOW","Bb-maj","4/4","1949-10-17","J.J. Johnson","A12","Blues","Membran Music Ltd.","2005"
"392","Sonny Stitt","Blues in Be-Bop","1","2","as","BEBOP","BLUES","ORIGINAL","SWING","185.8","UP","Eb-maj","4/4","1946-09-04","McKinley/Dorham","A12","Blues","Membran Music Ltd.","2005"
"393","Sonny Stitt","Body and Soul","1","1","as","BEBOP","FUNCTIONAL","GREAT AMERICAN SONGBOOK","BALLAD","67.7","SLOW","Db-maj","4/4","1948-06-01","Heyman, Sour, Eyton, Green","A8A8B8A8","","Membran Music Ltd.","2005"
"394","Sonny Stitt","Elora","1","1","ts","BEBOP","FUNCTIONAL","ORIGINAL","SWING","192.7","UP","Bb-maj","4/4","1949-10-17","J.J. Johnson","A8A8B8C8","","Membran Music Ltd.","2005"
"395","Sonny Stitt","Good Kick","1","3","as","BEBOP","FUNCTIONAL","ORIGINAL","SWING","173.4","MEDIUM UP","F-maj","4/4","1946-09-04","Stitt","A8A8B8A8","","Membran Music Ltd.","2005"
"396","Sonny Stitt","Teapot","1","2","ts","BEBOP","FUNCTIONAL","ORIGINAL","SWING","167.9","MEDIUM UP","F-maj","4/4","1949-10-17","J.J. Johnson","A8B8","","Membran Music Ltd.","2005"
"397","Stan Getz","Blues in the Closet","1","16","ts","COOL","BLUES","ORIGINAL","SWING","242.5","UP","Bb-maj","4/4","1957-09-29","Pettiford","A12","Blues","Polydor K.K","1995"
"398","Stan Getz","Body and Soul","1","2","ts","COOL","FUNCTIONAL","GREAT AMERICAN SONGBOOK","SWING","63.4","SLOW","Db-maj","4/4","1964","Heyman, Sour, Eyton, Green","A8A8B8A8","","Verve Records","1992"
"399","Stan Getz","Crazy Rhythm","1","8","ts","COOL","FUNCTIONAL","GREAT AMERICAN SONGBOOK","SWING","287.9","UP","F-maj","4/4","1957-09-29","Meyer, Kahn, Caesar","A8A8B8A8","","Polydor K.K","1995"
"400","Stan Getz","I'm Glad There Is You","1","1","ts","COOL","FUNCTIONAL","GREAT AMERICAN SONGBOOK","SWING","67","SLOW","C#-maj","4/4","1957-10-10","Paul Madeira, Jimmy Dorsey","A8A8","","Universal","2006"
"401","Stan Getz","Insensatez","1","1","ts","COOL","FUNCTIONAL","ORIGINAL","LATIN","128.2","MEDIUM","A-min","4/4","1963-02-08","Antonio Carlos Jobim, Vinicius De Moraes","A8B8C8D8","","Universal","2006"
"402","Stan Getz","My Funny Valentine","1","3","ts","COOL","FUNCTIONAL","GREAT AMERICAN SONGBOOK","SWING","130.7","MEDIUM","F-min","4/4","1957-09-29","Rodgers, Hart","A8A8B8C12","","Polydor K.K","1995"
"403","Steve Coleman","Cross-Fade","1","1","as","FUSION","FREE","ORIGINAL","FUNK","144.8","MEDIUM UP","","9/4","1990-12-01","Steve Coleman","A4","","Novus","1991"
"404","Steve Coleman","Cross-Fade","2","1","as","FUSION","FREE","ORIGINAL","FUNK","145.9","MEDIUM UP","","9/4","1990-12-01","Steve Coleman","A4","","Novus","1991"
"405","Steve Coleman","Double Vision","1","1","ss","POSTBOP","COLOR","ORIGINAL","SWING","242.2","UP","","4/4","1985-06-06","Dave Holland","open","","ECM","1985"
"406","Steve Coleman","Pass It On","1","2","as","FUSION","MODAL","ORIGINAL","FUNK","104.9","MEDIUM SLOW","","4/4","1991-04-29","Dave Holland","A4A4B4A8","","Novus","1992"
"407","Steve Coleman","Processional","1","3","as","POSTBOP","COLOR","ORIGINAL","LATIN","103.9","MEDIUM SLOW","F-min","5/4","1989-09-01","Dave Holland","A12","","ECM","1990"
"408","Steve Coleman","Segment","1","5","as","POSTBOP","FUNCTIONAL","ORIGINAL","SWING","240","UP","Bb-min","4/4","1988-03-01","Parker","A8A8B8A8","","ECM","1988"
"409","Steve Coleman","Slipped again","1","3","as","POSTBOP","BLUES","ORIGINAL","SWING","131.6","MEDIUM","F-maj","4/4","1991-04-29","Thad Jones","A12","Blues","Novus","1992"
"410","Steve Coleman","Take the Coltrane","1","14","as","POSTBOP","BLUES","ORIGINAL","SWING","240","UP","F-maj","4/4","1988-03-01","Duke Ellington","A12","Blues","ECM Records","1988"
"411","Steve Coleman","The Oracle","1","1","as","POSTBOP","FREE","ORIGINAL","LATIN","97.7","MEDIUM SLOW","Bb-min","3/4","1989-09-01","Dave Holland","open","","ECM","1990"
"412","Steve Coleman","The Oracle","2","3","as","POSTBOP","FREE","ORIGINAL","LATIN","104","MEDIUM SLOW","Bb-min","3/4","1989-09-01","Dave Holland","open","","ECM","1990"
"413","Steve Lacy","Alone Together","1","1","ss","HARDBOP","FUNCTIONAL","GREAT AMERICAN SONGBOOK","SWING","134.9","MEDIUM","D-maj","4/4","1957-11-01","","A14A14B8A8","","Giants of Jazz","1995"
"414","Steve Lacy","Ask Me Now","1","1","ss","HARDBOP","FUNCTIONAL","ORIGINAL","SWING","85.4","MEDIUM SLOW","Db-maj","4/4","1958-10-17","Thelonious Monk","A8A8B8A8","","Original Jazz Classics/Prestige New Jazz","1990"
"415","Steve Lacy","Easy to Love","1","4","ss","HARDBOP","FUNCTIONAL","GREAT AMERICAN SONGBOOK","SWING","166.3","MEDIUM UP","G-maj","4/4","1957-11-01","Cole Porter","A16A16","","Giants of Jazz","1995"
"416","Steve Lacy","Let's Cool One","1","2","ss","HARDBOP","FUNCTIONAL","ORIGINAL","SWING","132.2","MEDIUM","Eb-maj","4/4","1961-11-14","Thelonious Monk","A8A8B8A8","","Giants of Jazz","1995"
"417","Steve Lacy","Skippy","1","3","ss","HARDBOP","FUNCTIONAL","ORIGINAL","SWING","266.8","UP","Ab-maj","4/4","1958-10-17","Thelonious Monk","A16B16","","Original Jazz Classics/Prestige New Jazz","1990"
"418","Steve Lacy","Work","1","2","ss","HARDBOP","FUNCTIONAL","ORIGINAL","SWING","165.9","MEDIUM UP","","4/4","1957-11-01","Thelonious Monk","A8A8B8","","Giants of Jazz","1995"
"419","Steve Turre","Dat Dere","1","3","tb","POSTBOP","FUNCTIONAL","ORIGINAL","SWING","116","MEDIUM","C-min","4/4","1987-06-24","O. Brown Jr./B. Timmons","A8A8B8A8","","32 Jazz","1998"
"420","Steve Turre","If I Were a Bell","1","2","tb","POSTBOP","FUNCTIONAL","GREAT AMERICAN SONGBOOK","SWING","257.1","UP","F-maj","4/4","1987-06-24","F. Loesser","A16B16","","32 Jazz","1998"
"421","Steve Turre","Steve's Blues","1","4","tb","POSTBOP","BLUES","ORIGINAL","SWING","204.3","UP","F-maj","4/4","1987-06-24","S. Turre","A12","Blues","32 Jazz","1998"
"422","Von Freeman","Pass It On","1","3","ts","FUSION","MODAL","ORIGINAL","FUNK","105.9","MEDIUM SLOW","C-min","4/4","1991-04-29","Dave Holland","A4A4B4A8","","Novus","1992"
"423","Warne Marsh","Crosscurrent","1","1","ts","COOL","FUNCTIONAL","ORIGINAL","SWING","258.2","UP","F-maj","4/4","1949-03-04","Lennie Tristano","A8B8C8A8","","Membran Musc Ltd.","2005"
"424","Warne Marsh","Tautology","1","2","ts","COOL","FUNCTIONAL","ORIGINAL","SWING","269.9","UP","F-maj","4/4","1949-09-27","Lee Konitz","A8B8C8A8","","Quadromania","2005"
"425","Warne Marsh","Wow","1","1","ts","COOL","FUNCTIONAL","ORIGINAL","SWING","175.1","MEDIUM UP","F-maj","4/4","1949-03-04","","A8B8A8B8","","Membran Music Ltd.","2005"
"426","Wayne Shorter","Adam's Apple","1","4","ts","POSTBOP","COLOR","ORIGINAL","LATIN","174.4","MEDIUM UP","Ab-mix","4/4","1966-02-24","Wayne Shorter","A16B8","","Blue Note","1987"
"427","Wayne Shorter","Dolores","1","3","ts","POSTBOP","COLOR","ORIGINAL","SWING","277.4","UP","Db-chrom","4/4","24-25.10.1966","Shorter","A8B6A8","","Columbia","1967"
"428","Wayne Shorter","Down Under","1","2","ts","HARDBOP","BLUES","ORIGINAL","SWING","147.1","MEDIUM UP","F#-min","4/4","1961-10-02","Freddie Hubbard","A12","Blues","Blue Note","1997"
"429","Wayne Shorter","E.S.P.","1","2","ts","POSTBOP","COLOR","ORIGINAL","SWING","284.5","UP","F-maj","4/4","September 1964?","Shorter/Davis","A16A16","","Columbia","1991"
"430","Wayne Shorter","Eighty-One","1","5","ts","POSTBOP","BLUES","ORIGINAL","SWING","138.4","MEDIUM","F-maj","4/4","September 1964?","Carter/Davis","A12","Blues","Columbia","1991"
"431","Wayne Shorter","Footprints","1","4","ts","POSTBOP","BLUES","ORIGINAL","SWING","136.1","MEDIUM","C-min","6/4","1966-02-24","Wayne Shorter","A12","Blues","Blue Note","1987"
"432","Wayne Shorter","Infant Eyes","1","1","ts","POSTBOP","COLOR","ORIGINAL","BALLAD","51.3","SLOW","Eb-chrom","4/4","1964-12-24","Shorter","A9B9A9","","Blue Note","1988"
"433","Wayne Shorter","Juju","1","7","ts","POSTBOP","COLOR","ORIGINAL","LATIN","178.2","MEDIUM UP","B-chrom","3/4","1964-08-03","Wayne Shorter","A24","","Blue Note","1988"
"434","Wayne Shorter","Orbits","1","1","ts","POSTBOP","COLOR","ORIGINAL","SWING","267.1","UP","","4/4","24-25.10.1966","Shorter","open","","Columbia","1967"
"435","Wayne Shorter","Speak No Evil","1","2","ts","POSTBOP","COLOR","ORIGINAL","SWING","142.7","MEDIUM UP","C-min","4/4","1964-12-24","Wayne Shorter","A14A14B8A14","","Blue Note","1988"
"436","Woody Shaw","Dat Dere","1","2","tp","POSTBOP","FUNCTIONAL","ORIGINAL","SWING","114.7","MEDIUM","C-min","4/4","1987-06-24","O. Brown Jr./B. Timmons","A8A8B8A8","","32 Jazz","1998"
"437","Woody Shaw","If I Were a Bell","1","2","tp","POSTBOP","FUNCTIONAL","GREAT AMERICAN SONGBOOK","SWING","252.3","UP","F-maj","4/4","1987-06-24","F. Loesser","A16B16","","32 Jazz","1998"
"438","Woody Shaw","Imagination","1","1","tp","POSTBOP","FUNCTIONAL","GREAT AMERICAN SONGBOOK","LATIN","60.1","SLOW","Eb-maj","4/4","1987-06-24","J. VanHuesen/J. Burke","A8A8B8A14","","32 Jazz","1998"
"439","Woody Shaw","In a Capricornian Way","1","3","cor","POSTBOP","COLOR","ORIGINAL","SWING","171.8","MEDIUM UP","","3/4","05.&06.08.1978","Woody Shaw","A16A16B20","","Columbia","1978"
"440","Woody Shaw","Rahsaan's Run","1","6","tp","POSTBOP","FUNCTIONAL","ORIGINAL","SWING","297.8","UP","G-min","4/4","1977-12-19","Woody Shaw","A24","","Columbia (Legacy)","1998"
"441","Woody Shaw","Rosewood","1","1","tp","POSTBOP","COLOR","ORIGINAL","LATIN/FUNK","171.7","MEDIUM UP","","4/4","1977-12-15","Woody Shaw","A16B20A16B16","","Columbia (Legacy)","1998"
"442","Woody Shaw","Stepping Stone","1","1","cor","POSTBOP","FUNCTIONAL","ORIGINAL","SWING","266.2","UP","F-maj","4/4","05.&06.08.1978","Woody Shaw","A16B16","","Columbia","1978"
"443","Woody Shaw","Steve's Blues","1","5","tp","POSTBOP","BLUES","ORIGINAL","SWING","205.5","UP","F-maj","4/4","1987-06-24","S. Turre","A12","Blues","32 Jazz","1998"
"444","Wynton Marsalis","April in Paris","1","2","tp","POSTBOP","FUNCTIONAL","GREAT AMERICAN SONGBOOK","SWING","153.7","MEDIUM UP","C-maj","4/4","29.-30.5.1986, 24.-25.9.1986","Vernon Duke, Yip Harburg","A8B8C8D8","","CBS/Columbia","1987"
"445","Wynton Marsalis","Caravan","1","2","tp","POSTBOP","FUNCTIONAL","GREAT AMERICAN SONGBOOK","SWING","196.6","UP","C-maj","4/4","29.-30.5.1986, 24.-25.9.1986","Juan Tizol","A8A8B8A8","","CBS/Columbia","1987"
"446","Wynton Marsalis","Cherokee","1","2","tp","POSTBOP","FUNCTIONAL","GREAT AMERICAN SONGBOOK","SWING","338","UP","Bb-maj","4/4","29.-30.5.1986, 24.-25.9.1986","Ray Noble","A16A16B16A16","","CBS/Columbia","1987"
"447","Wynton Marsalis","Cherokee II","1","2","tp","POSTBOP","FUNCTIONAL","GREAT AMERICAN SONGBOOK","SWING","340.3","UP","Bb-maj","4/4","29.-30.5.1986, 24.-25.9.1986","Ray Noble","A16A16B16A16","","CBS/Columbia","1987"
"448","Wynton Marsalis","Johnny Come Lately","1","2","tp","POSTBOP","FUNCTIONAL","GREAT AMERICAN SONGBOOK","SWING","245.4","UP","G-min","4/4","03.-08.09.1991","Duke Ellington","A8A8B8A8","","Verve","1992"
"449","Wynton Marsalis","U.M.M.G.","1","2","tp","POSTBOP","FUNCTIONAL","GREAT AMERICAN SONGBOOK","SWING","221.3","UP","Db-maj","4/4","03.-08.09.1991","Billy Strayhorn","A8A8B8A8","","Verve","1992"
"450","Wynton Marsalis","You're My Everything","1","1","tp","POSTBOP","FUNCTIONAL","GREAT AMERICAN SONGBOOK","SWING","137.6","MEDIUM","B-maj","4/4","1990","Mort Dixon, Harry Warren, Joe Young","A16B16","","CBS/Columbia","1990"
"451","Zoot Sims","All the Things You Are","1","1","ts","COOL","FUNCTIONAL","GREAT AMERICAN SONGBOOK","SWING","192.2","UP","Ab-maj","4/4","1950-04-23","J. Kern, O. Hammerstein","A8B8C8D12","","Membran Music Ltd.","2005"
"452","Zoot Sims","Dancing in the Dark","1","1","ts","COOL","FUNCTIONAL","GREAT AMERICAN SONGBOOK","SWING","124.7","MEDIUM","Ab-maj","4/4","1950-09-16","Dietz/Schwartz","A16B16","","Membran Music Ltd.","2005"
"453","Zoot Sims","Dancing in the Dark","2","1","ts","COOL","FUNCTIONAL","GREAT AMERICAN SONGBOOK","SWING","122.1","MEDIUM","Ab-maj","4/4","1950-09-16","Dietz/Schwartz","A16B16","","Membran Music Ltd.","2005"
"454","Zoot Sims","King David","1","1","ts","COOL","BLUES","ORIGINAL","SWING","151.1","MEDIUM UP","Bb-maj","4/4","1950-06-08","Roy Eldridge","A12","Blues","Membran Music Ltd.","2005"
"455","Zoot Sims","Night and Day","1","2","ts","COOL","FUNCTIONAL","GREAT AMERICAN SONGBOOK","SWING","216.7","UP","D-maj","4/4","1950-06-16","C. Porter","A8B8A8B8C8B8","","Membran Music Ltd.","2005"
"456","Zoot Sims","Night and Day","2","1","ts","COOL","FUNCTIONAL","GREAT AMERICAN SONGBOOK","SWING","217.6","UP","D-maj","4/4","1950-06-16","C. Porter","A8B8A8B8C8B8","","Membran Music Ltd.","2005"