"melid";"performer";"title";"solopart";"chorus_count";"instrument";"style";"tonalitytype";"genre";"rhythmfeel";"avgtempo";"tempoclass";"key";"signature";"recordingdate";"composer";"form";"template";"label";"releasedate";"numnotes";"duration";"recordingyear"
1;"Art Pepper";"Anthropology";1;4;"cl";"COOL";"FUNCTIONAL";"ORIGINAL";"SWING";218,8;"UP";"Bb-maj";"4/4";"25 - 26. 05.1979";"Parker, Gillespie";"A8A8B8A8";"I Got Rhythm";"Galaxy Records";1989;530;141,8;1979
2;"Art Pepper";"Blues for Blanche";1;11;"as";"COOL";"BLUES";"ORIGINAL";"SWING";198,9;"UP";"Eb-maj";"4/4";"25 - 26. 05.1979";"Art Pepper";"A12";"Blues";"Galaxy Records";1989;666;159,2;1979
3;"Art Pepper";"Desafinado";1;2;"as";"COOL";"FUNCTIONAL";"ORIGINAL";"LATIN";140,5;"MEDIUM UP";"F-maj";"4/4";"25 - 26. 05.1979";"Antonio Carlos Jobim";"A1612B8C8";"";"Galaxy Records";1989;373;111,3;1979
4;"Art Pepper";"In a Mellow Tone";1;4;"cl";"COOL";"FUNCTIONAL";"GREAT AMERICAN SONGBOOK";"SWING";167,6;"MEDIUM UP";"Eb-maj";"4/4";"25 - 26. 05.1979";"Duke Ellington";"A16B16";"";"Galaxy Records";1989;565;183,1;1979
5;"Art Pepper";"Stardust";1;2;"as";"COOL";"FUNCTIONAL";"GREAT AMERICAN SONGBOOK";"BALLAD";60,7;"SLOW";"Eb-maj";"4/4";"25 - 26. 05.1979";"Parish, Carmichael";"A16B16";"";"Galaxy Records";1989;591;255,3;1979
6;"Art Pepper";"Stardust";2;1;"as";"COOL";"FUNCTIONAL";"GREAT AMERICAN SONGBOOK";"BALLAD";60,2;"SLOW";"Eb-maj";"4/4";"25 - 26. 05.1979";"Parish, Carmichael";"A16B16";"";"Galaxy Records";1989;909;289,5;1979
21;"Ben Webster";"Bye Bye Blackbird";1;3;"ts";"SWING";"FUNCTIONAL";"GREAT AMERICAN SONGBOOK";"SWING";140,8;"MEDIUM UP";"G-maj";"4/4";"1959-11-08";"Dixon-Henderson";"A16B16";"";"Giants of Jazz";1993;558;173,2;1952
22;"Ben Webster";"Did You Call Her Today";1;4;"ts";"SWING";"FUNCTIONAL";"ORIGINAL";"SWING";118,4;"MEDIUM";"Ab-maj";"4/4";"1962-06-06";"Ben Webster";"A8B8A8C8";"";"Giants of Jazz";1993;427;94,1;1986
23;"Ben Webster";"My Ideal";1;2;"ts";"SWING";"FUNCTIONAL";"GREAT AMERICAN SONGBOOK";"SWING";74,2;"SLOW";"Bb-maj";"4/4";"1956-09-11";"Chase-Withing-Robin";"A8A8B8";"";"Giants of Jazz";1993;249;60;1986
24;"Ben Webster";"Night and Day";1;2;"ts";"SWING";"FUNCTIONAL";"GREAT AMERICAN SONGBOOK";"SWING";182,2;"UP";"D-maj";"4/4";"1956-09-11";"C. Porter";"A8B8A8B8C8B8";"";"Giants of Jazz";1993;568;112,4;1986
25;"Ben Webster";"Where or When";1;1;"ts";"SWING";"FUNCTIONAL";"GREAT AMERICAN SONGBOOK";"SWING";82,1;"MEDIUM SLOW";"Ab-maj";"4/4";"1956-09-11";"Rodgers, Hart";"A10A10B8A12";"";"Giants of Jazz";1993;231;43,8;1952
7;"Benny Carter";"I Got It Bad";1;1;"as";"SWING";"FUNCTIONAL";"GREAT AMERICAN SONGBOOK";"SWING";68,2;"SLOW";"Db-maj";"4/4";"1952-09-18";"Ellington/Webster";"A8A8B8A8";"";"Membran Music Ltd.";2004;254;49;1952
8;"Benny Carter";"It's a Wonderful World";1;3;"as";"SWING";"FUNCTIONAL";"ORIGINAL";"SWING";124,2;"MEDIUM";"C-maj";"4/4";"1986-11-14";"Oscar Peterson";"A4A4B4A4";"";"Pablo Records";1987;363;88,5;1986
9;"Benny Carter";"It's a Wonderful World";2;2;"as";"SWING";"FUNCTIONAL";"ORIGINAL";"SWING";127,2;"MEDIUM";"C-maj";"4/4";"1986-11-14";"Oscar Peterson";"A4A4B4A4";"";"Pablo Records";1987;162;33,1;1937
10;"Benny Carter";"Just Friends";1;3;"as";"SWING";"FUNCTIONAL";"GREAT AMERICAN SONGBOOK";"SWING";204,9;"UP";"Bb-maj";"4/4";"1986-11-14";"Klenner/Lewis";"A16B16";"";"Pablo Records";1987;81;13,7;1937
11;"Benny Carter";"Long Ago and Far Away";1;1;"as";"SWING";"FUNCTIONAL";"GREAT AMERICAN SONGBOOK";"SWING";185;"UP";"F-maj";"4/4";"1952-09-18";"Kern/Gershwin";"A8B8A8C8";"";"Membran Music Ltd.";2004;198;30,4;1936
12;"Benny Carter";"Long Ago and Far Away";2;1;"as";"SWING";"FUNCTIONAL";"GREAT AMERICAN SONGBOOK";"SWING";185,8;"UP";"F-maj";"4/4";"1952-09-18";"Kern/Gershwin";"A8B8A8C8";"";"Membran Music Ltd.";2004;162;27,8;1937
13;"Benny Carter";"Sweet Lorraine";1;1;"as";"SWING";"FUNCTIONAL";"GREAT AMERICAN SONGBOOK";"SWING";91,5;"MEDIUM SLOW";"G-maj";"4/4";"1986-11-14";"Mitchel Parish / Cliff Burwell";"A8A8B8A8";"";"Pablo Records";1987;180;29,6;1936
14;"Benny Goodman";"Avalon";1;1;"cl";"SWING";"FUNCTIONAL";"GREAT AMERICAN SONGBOOK";"SWING";241;"UP";"Eb-maj";"4/4";"1937-02-03";"Jolson/Rose";"A8A8B8A8";"";"History/This is Music";1998;203;36,1;1936
15;"Benny Goodman";"Handful of Keys";1;1;"cl";"SWING";"FUNCTIONAL";"GREAT AMERICAN SONGBOOK";"SWING";303,1;"UP";"Eb-maj";"4/4";"1937";"";"A8A8B8A8";"";"";1937;158;39,4;1936
16;"Benny Goodman";"Nobody's Sweetheart";1;1;"cl";"SWING";"FUNCTIONAL";"GREAT AMERICAN SONGBOOK";"SWING";311,3;"UP";"Ab-maj";"4/4";"1936-04-27";"Kahn/Erdman/Meyers/Schoebell";"A24B16C24";"";"History/This is Music";1998;451;160,7;1959
17;"Benny Goodman";"Runnin' Wild";1;1;"cl";"SWING";"FUNCTIONAL";"GREAT AMERICAN SONGBOOK";"SWING";285;"UP";"Bb-maj";"4/4";"1937-02-03";"Grey/Wood/Gibs";"A8A8B8B8";"";"History/This is Music";1998;424;129,6;1962
18;"Benny Goodman";"Tiger Rag";1;1;"cl";"SWING";"FUNCTIONAL";"GREAT AMERICAN SONGBOOK";"SWING";268;"UP";"Ab-maj";"4/4";"1936-12-02";"La Rocca, Shields";"A16B16";"";"History - (Trumpets of Jericho)s";NA;308;103,1;1956
19;"Benny Goodman";"Tiger Rag";2;1;"cl";"SWING";"FUNCTIONAL";"GREAT AMERICAN SONGBOOK";"SWING";271,2;"UP";"Ab-maj";"4/4";"1936-12-02";"La Rocca, Shields";"A16B16";"";"History - (Trumpets of Jericho)s";NA;375;126,1;1956
20;"Benny Goodman";"Whispering";1;1;"cl";"SWING";"FUNCTIONAL";"GREAT AMERICAN SONGBOOK";"SWING";198,6;"UP";"Eb-maj";"4/4";"1936-12-02";"Schonberger/Coburn/Rose";"A16B16";"";"History/This is Music";1998;268;117,2;1956
26;"Bix Beiderbecke";"I'm Coming Virginia";1;2;"cor";"TRADITIONAL";"FUNCTIONAL";"GREAT AMERICAN SONGBOOK";"TWOBEAT";131,5;"MEDIUM";"F-maj";"4/4";"1927-12-05";"Heywood";"A8B8C8";"";"Proper/Retro";1997;225;88,2;1927
27;"Bix Beiderbecke";"Margie";1;1;"cor";"TRADITIONAL";"FUNCTIONAL";"GREAT AMERICAN SONGBOOK";"TWOBEAT";180;"UP";"Eb-maj";"4/4";"1928-09-21";"Davis/Conrad/Robinson";"A8B8";"";"History";NA;62;19,5;1928
28;"Bix Beiderbecke";"Riverboat Shuffle";1;1;"cor";"TRADITIONAL";"FUNCTIONAL";"ORIGINAL";"TWOBEAT";210,9;"UP";"Ab-maj";"4/4";"1927-05-09";"Voynow/Carmichael/Mills/Parish";"A16B16";"";"History";NA;161;36,7;1927
29;"Bix Beiderbecke";"Royal Garden Blues";1;1;"cor";"TRADITIONAL";"BLUES";"GREAT AMERICAN SONGBOOK";"TWOBEAT";174,1;"MEDIUM UP";"Bb-maj";"4/4";"1927-10-05";"C. & S. Williams";"A12";"Blues";"History";NA;72;15,4;1927
30;"Bix Beiderbecke";"Singin the Blues";1;1;"cor";"TRADITIONAL";"FUNCTIONAL";"GREAT AMERICAN SONGBOOK";"TWOBEAT";134;"MEDIUM";"Eb-maj";"4/4";"04.20.1927";"Robinson/Conrad";"A8A8B8";"";"Proper/Retro";1997;160;56,6;1927
31;"Bob Berg";"Angles";1;3;"ts";"POSTBOP";"COLOR";"ORIGINAL";"SWING";270,1;"UP";"Ab-maj";"4/4";"1993";"Bob Berg";"A16A16B16";"";"Stretch Records";1993;799;126,7;1993
32;"Bob Berg";"Blues for Bela";1;8;"ts";"POSTBOP";"BLUES";"ORIGINAL";"SWING";249,4;"UP";"C-min";"4/4";"1993";"Bob Berg";"A12";"Blues";"Stretch Records";1993;533;91;1993
33;"Bob Berg";"I Didn't Know What Time It Was";1;3;"ts";"POSTBOP";"FUNCTIONAL";"GREAT AMERICAN SONGBOOK";"SWING";126,7;"MEDIUM";"F-maj";"4/4";"1979";"Lorenz Hart/Richard Rogers";"A8A8B8C12";"";"SteepleChase";2005;906;203,8;1979
34;"Bob Berg";"Nature of the Beast";1;1;"ts";"POSTBOP";"MODAL";"ORIGINAL";"LATIN";131,8;"MEDIUM";"C-min";"4/4";"1993";"Bob Berg";"A8A8A8A10B8";"";"GRP Records / Stretch Records";1993;964;196,9;1993
35;"Bob Berg";"No Moe";1;2;"ts";"POSTBOP";"FUNCTIONAL";"ORIGINAL";"SWING";161,8;"MEDIUM UP";"Bb-maj";"4/4";"1993";"Sonny Rollins";"A8A8B8A8";"I Got Rhythm";"GRP Records / Stretch Records";1993;633;137,9;1993
36;"Bob Berg";"Second Sight";1;3;"ts";"FUSION";"FUNCTIONAL";"ORIGINAL";"FUNK";114,3;"MEDIUM";"Bb-maj";"4/4";"1993";"Bob Berg";"A16B16C10";"";"Stretch Records";1993;404;77;1993
37;"Bob Berg";"You and the Night and the Music";1;2;"ts";"POSTBOP";"FUNCTIONAL";"GREAT AMERICAN SONGBOOK";"LATIN";167,1;"MEDIUM UP";"G-min";"4/4";"1997";"Bob Berg";"A8A8B8C12";"";"Stretch Records";1997;655;95;1997
38;"Branford Marsalis";"Gutbucket Steepy";1;5;"ts";"POSTBOP";"BLUES";"ORIGINAL";"SWING";70,1;"SLOW";"Db-maj";"4/4";"03.-04.01.1988";"Hinton, B.Marsalis, Watts";"A12";"Blues";"CBS/Columbia";1989;495;210;1988
39;"Branford Marsalis";"Housed from Edward";1;10;"ts";"POSTBOP";"BLUES";"ORIGINAL";"SWING";126,6;"MEDIUM";"F-maj";"4/4";"03.-04.01.1988";"B. Marsalis";"A12";"Blues";"CBS/Columbia";1989;845;228,4;1988
40;"Branford Marsalis";"Housed from Edward";2;2;"ts";"POSTBOP";"BLUES";"ORIGINAL";"SWING";121,9;"MEDIUM";"F-maj";"4/4";"03.-04.01.1988";"B. Marsalis";"A12";"Blues";"CBS/Columbia";1989;163;49,4;1988
41;"Branford Marsalis";"The Nearness of You";1;2;"ts";"POSTBOP";"FUNCTIONAL";"GREAT AMERICAN SONGBOOK";"SWING";36,8;"SLOW";"D-maj";"4/4";"03.-04.01.1988";"B. Marsalis";"A8A8B8C12";"";"CBS/Columbia";1989;971;333,3;1988
42;"Branford Marsalis";"Three Little Words";1;7;"ts";"POSTBOP";"FUNCTIONAL";"GREAT AMERICAN SONGBOOK";"SWING";264,3;"UP";"C-maj";"4/4";"03.-04.01.1988";"Harry Ruby, Bert Kalmar";"A8A8B8A8";"";"CBS/Columbia";1989;1104;192,6;1988
43;"Branford Marsalis";"U.M.M.G.";1;6;"ts";"POSTBOP";"FUNCTIONAL";"GREAT AMERICAN SONGBOOK";"SWING";211,6;"UP";"Db-maj";"4/4";"03.-04.01.1988";"Billy Strayhorn";"A8A8B8A8";"";"CBS/Columbia";1989;1113;226,8;1988
44;"Buck Clayton";"After Theatre Jump";1;1;"tp";"SWING";"FUNCTIONAL";"ORIGINAL";"SWING";175,9;"MEDIUM UP";"Db-maj";"4/4";"1944-03-22";"Wells";"A8A8B8A8";"I Got Rhythm";"Membran Music Ltd..";2005;156;44,8;1944
45;"Buck Clayton";"Destination K.C.";1;2;"tp";"SWING";"FUNCTIONAL";"ORIGINAL";"SWING";248;"UP";"C-maj";"4/4";"1944-03-22";"Clayton";"A8A8B8A8";"I Got Rhythm";"Membran Music Ltd..";2005;272;61,3;1944
46;"Buck Clayton";"Dickie's Dream";1;1;"tp";"SWING";"FUNCTIONAL";"ORIGINAL";"SWING";230,8;"UP";"C-min";"4/4";"1939-09-05";"Basie-Young";"A8A8B8A8";"";"Membran Music Ltd..";2005;161;33,6;1939
47;"Cannonball Adderley";"High Fly";1;2;"as";"HARDBOP";"FUNCTIONAL";"ORIGINAL";"SWING";128,9;"MEDIUM";"Bb-maj";"4/4";"18. + 20.10.1959";"Randy Weston";"A8A8B8C8";"";"Riverside";1989;530;120,4;1959
48;"Cannonball Adderley";"So What";1;2;"as";"POSTBOP";"MODAL";"ORIGINAL";"SWING";142,2;"MEDIUM UP";"D-dor";"4/4";"1959-03-02";"Davis/Evans";"A8A8B8A8";"So What";"CBS";1962;445;105,3;1959
49;"Cannonball Adderley";"Star Eyes";1;2;"as";"HARDBOP";"FUNCTIONAL";"GREAT AMERICAN SONGBOOK";"SWING";193,9;"UP";"Eb-maj";"4/4";"1961-05-11";"Raye/DePaul";"A8A8B8C12";"";"Riverside";1987;450;88,7;1961
50;"Cannonball Adderley";"This Here";1;5;"as";"HARDBOP";"BLUES";"ORIGINAL";"SWING";174,7;"MEDIUM UP";"F-maj";"3/4";"18. + 20.10.1959";"Bobby Timmons";"A16B12C10";"Blues";"Riverside";1989;826;166,1;1959
51;"Cannonball Adderley";"Work Song";1;4;"as";"HARDBOP";"FUNCTIONAL";"ORIGINAL";"SWING";156,3;"MEDIUM UP";"F-min";"4/4";"1960-02-01";"Nat Adderley";"A16";"";"Giants of Jazz";1993;391;98,9;1960
52;"Charlie Parker";"Billie's Bounce";1;4;"as";"BEBOP";"BLUES";"ORIGINAL";"SWING";158,5;"MEDIUM UP";"F-maj";"4/4";"1945-11-26";"Charlie Parker";"A12";"Blues";"Proper Records";NA;303;73,1;1945
53;"Charlie Parker";"Blues for Alice";1;3;"as";"BEBOP";"BLUES";"ORIGINAL";"SWING";168,9;"MEDIUM UP";"F-maj";"4/4";"1951-08-08";"Charlie Parker";"A12";"Blues";"Proper Records";2002;279;52;1951
54;"Charlie Parker";"Don't Blame Me";1;1;"as";"BEBOP";"FUNCTIONAL";"GREAT AMERICAN SONGBOOK";"SWING";63,7;"SLOW";"C-maj";"4/4";"1947-11-04";"Fields/McHugh";"A8A8B8A8";"";"Proper Records";2002;516;122;1947
55;"Charlie Parker";"Donna Lee";1;2;"as";"BEBOP";"FUNCTIONAL";"ORIGINAL";"SWING";225,7;"UP";"Ab-maj";"4/4";"1947-05-08";"Miles Daivs";"A16B16";"";"Proper Records";2002;371;69,7;1947
56;"Charlie Parker";"Embraceable You";1;1;"as";"BEBOP";"FUNCTIONAL";"GREAT AMERICAN SONGBOOK";"SWING";72,3;"SLOW";"F-maj";"4/4";"1947-10-28";"G. Gershwin";"A16B16";"";"Proper Records";2002;450;107,9;1947
57;"Charlie Parker";"How Deep Is the Ocean";1;1;"as";"BEBOP";"FUNCTIONAL";"GREAT AMERICAN SONGBOOK";"SWING";71,9;"SLOW";"C-min";"4/4";"1947-11-17";"Berlin";"A8B8A8C8";"";"Proper Records";NA;375;108,5;1947
58;"Charlie Parker";"K.C. Blues";1;2;"as";"BEBOP";"BLUES";"ORIGINAL";"SWING";118,3;"MEDIUM";"C-maj";"4/4";"1951-01-17";"Parker";"A12";"Blues";"Proper Records";2002;196;51;1951
59;"Charlie Parker";"Ko-Ko";1;1;"as";"BEBOP";"FUNCTIONAL";"ORIGINAL";"SWING";299,4;"UP";"Bb-maj";"4/4";"1945-11-26";"Parker";"A16A16B16A16";"Cherokee";"Proper Records";NA;538;77;1945
60;"Charlie Parker";"My Little Suede Shoes";1;1;"as";"BEBOP";"FUNCTIONAL";"ORIGINAL";"LATIN";145,9;"MEDIUM UP";"Eb-maj";"4/4";"1951-03-12";"Parker";"A8A8B8A8";"";"Proper Records";2002;256;53,3;1951
61;"Charlie Parker";"Ornithology";1;1;"as";"BEBOP";"FUNCTIONAL";"ORIGINAL";"SWING";221;"UP";"G-maj";"4/4";"1946-07-29";"Parker";"A16B16";"How High The Moon";"Proper Records";NA;194;35,1;1946
62;"Charlie Parker";"Out of Nowhere";1;1;"as";"BEBOP";"FUNCTIONAL";"GREAT AMERICAN SONGBOOK";"SWING";67,6;"SLOW";"G-maj";"4/4";"1947-11-04";"Heyman, Green";"A16B16";"";"Proper Records";2002;482;114,8;1947
63;"Charlie Parker";"Scrapple from the Apple";1;2;"as";"BEBOP";"FUNCTIONAL";"ORIGINAL";"SWING";165;"MEDIUM UP";"F-maj";"4/4";"1947-11-04";"Parker";"A8A8B8A8";"";"Proper Records";2002;270;57,6;1947
64;"Charlie Parker";"Segment";1;2;"as";"BEBOP";"FUNCTIONAL";"ORIGINAL";"SWING";246,9;"UP";"Bb-min";"4/4";"1949-05-05";"Parker";"A8A8B8A8";"";"Proper Records";NA;351;61,9;1949
65;"Charlie Parker";"Star Eyes";1;1;"as";"BEBOP";"FUNCTIONAL";"GREAT AMERICAN SONGBOOK";"SWING";133,8;"MEDIUM";"Eb-maj";"4/4";"March-April 1950";"Raye/DePaul";"A8A8B8C12";"";"Proper Records";NA;314;65,2;1950
66;"Charlie Parker";"Steeplechase";1;1;"as";"BEBOP";"FUNCTIONAL";"ORIGINAL";"SWING";175,2;"MEDIUM UP";"Bb-maj";"";"1948-09-24";"Parker";"A8A8B8A8";"I Got Rhythm";"Proper Records";NA;228;44,5;1948
67;"Charlie Parker";"Thriving on a Riff";1;2;"as";"BEBOP";"FUNCTIONAL";"ORIGINAL";"SWING";227,2;"UP";"Bb-maj";"4/4";"1945-11-26";"Parker/Gillespie";"A8A8B8A8";"I Got Rhythm";"Savoy";2002;357;68,3;1945
68;"Charlie Parker";"Yardbird Suite";1;1;"as";"BEBOP";"FUNCTIONAL";"ORIGINAL";"SWING";209,8;"UP";"C-maj";"4/4";"1946-03-28";"Parker";"A8A8B8A8";"";"Proper Records";NA;192;37,1;1946
69;"Charlie Shavers";"Limehouse Blues";1;1;"tp";"TRADITIONAL";"FUNCTIONAL";"GREAT AMERICAN SONGBOOK";"TWOBEAT";269,1;"UP";"Ab-maj";"4/4";"1941-09-13";"Braham, Furber";"A16B16C16D16";"";"Trumpets of Jericho Ltd.";NA;145;29;1941
70;"Chet Baker";"I Fall in Love Too Easily";1;1;"tp";"COOL";"FUNCTIONAL";"GREAT AMERICAN SONGBOOK";"SWING";65,2;"SLOW";"Eb-maj";"4/4";"1954-02-15";"Cahn/Styne";"A8B8";"";"Giants of Jazz";1996;129;58,4;1954
71;"Chet Baker";"Just Friends";1;2;"tp";"COOL";"FUNCTIONAL";"GREAT AMERICAN SONGBOOK";"SWING";189,9;"UP";"G-maj";"4/4";"1955-03-07";"Klenner/Lewis";"A16B16";"";"Giants of Jazz";1996;191;50,2;1955
72;"Chet Baker";"Let's Get Lost";1;1;"tp";"COOL";"FUNCTIONAL";"GREAT AMERICAN SONGBOOK";"SWING";157,5;"MEDIUM UP";"C-maj";"4/4";"1955-03-07";"Loesser / McHugh";"A8B8A8C8";"";"Giants of Jazz";1996;142;48,7;1955
73;"Chet Baker";"Long Ago and Far Away";1;1;"tp";"COOL";"FUNCTIONAL";"GREAT AMERICAN SONGBOOK";"SWING";177,5;"MEDIUM UP";"G-maj";"4/4";"1955-03-07";"Kern/Gershwin";"A8B8A8C8";"";"Giants of Jazz";1996;171;45,7;1955
74;"Chet Baker";"There Will Never Be Another You";1;1;"tp";"COOL";"FUNCTIONAL";"GREAT AMERICAN SONGBOOK";"SWING";168,7;"MEDIUM UP";"F-maj";"4/4";"1954-02-15";"Gordon/Warren";"A16B16";"";"Giants of Jazz";1996;190;56,7;1954
75;"Chet Baker";"There Will Never Be Another You";2;1;"tp";"COOL";"FUNCTIONAL";"GREAT AMERICAN SONGBOOK";"SWING";169,8;"MEDIUM UP";"F-maj";"4/4";"1954-02-15";"Gordon/Warren";"A16B16";"";"Giants of Jazz";1996;121;29,8;1954
76;"Chet Baker";"Two's Blues";1;4;"tp";"COOL";"BLUES";"ORIGINAL";"SWING";202,2;"UP";"G-min";"4/4";"1975-04-16";"Jim Hall";"A12";"Blues";"Sony Music Entertainment Ltd..";2001;173;59,7;1975
77;"Chet Baker";"You'd Be So Nice to Come Home to";1;4;"tp";"COOL";"FUNCTIONAL";"GREAT AMERICAN SONGBOOK";"SWING";225,4;"UP";"G-min";"4/4";"1975-04-23";"Cole Porter";"A16B16";"";"Sony Music Entertainment Ltd..";2001;311;68,8;1975
78;"Chris Potter";"Anthropology";1;4;"ts";"POSTBOP";"FUNCTIONAL";"ORIGINAL";"SWING";245,3;"UP";"Bb-maj";"4/4";"1999";"Parker, Gillespie";"A8A8B8A8";"I Got Rhythm";"Double-Time Records";1999;687;125,6;1999
79;"Chris Potter";"Arjuna";1;1;"ts";"FUSION";"MODAL";"ORIGINAL";"FUNK";117,7;"MEDIUM";"D-chrom";"4/4";"15.-17.2.2007";"Chris Potter";"open";"";"Sunnyside Records";2007;1318;233,8;2007
80;"Chris Potter";"In a Sentimental Mood";1;1;"ts";"POSTBOP";"FUNCTIONAL";"GREAT AMERICAN SONGBOOK";"SWING";48,6;"SLOW";"D-min";"4/4";"1993";"D. Ellington/H. Dietz/ M. Kutz/I. Mills/A. Schwartz";"A8A8B8";"";"Concorde Jazz";1993;413;109;1993
81;"Chris Potter";"Item 1, D.I.T.";1;18;"ts";"POSTBOP";"FUNCTIONAL";"ORIGINAL";"SWING";301;"UP";"C-maj";"4/4";"December 2001";"Steve Swallow";"A16";"";"WATT Works";2003;1631;227,6;2001
82;"Chris Potter";"Pop Tune #1";1;1;"ts";"FUSION";"MODAL";"ORIGINAL";"FUNK";108,6;"MEDIUM SLOW";"G-min";"4/4";"15.-17.2.2007";"Chris Potter";"open";"";"Sunnyside Records";2007;1353;308,5;2007
83;"Chris Potter";"Rumples";1;1;"ts";"FUSION";"MODAL";"ORIGINAL";"FUNK";134,9;"MEDIUM";"F-min";"4/4";"2009";"Chris Potter";"open";"";"Artishare";2009;821;128,1;2009
84;"Chris Potter";"Togo";1;1;"ts";"FUSION";"MODAL";"ORIGINAL";"FUNK";112;"MEDIUM";"F-min";"4/4";"15.-17.2.2007";"Ed Blackwell";"open";"";"Sunnyside Records";2007;933;192,6;2007
85;"Chu Berry";"Body and Soul";1;1;"ts";"SWING";"FUNCTIONAL";"GREAT AMERICAN SONGBOOK";"SWING";81,9;"MEDIUM SLOW";"C-maj";"4/4";"1938-11-11";"Heyman, Sour, Eyton, Green";"A8A8B8A8";"";"Classic Records";1994;251;91;1938
86;"Chu Berry";"Body and Soul";2;1;"ts";"SWING";"FUNCTIONAL";"GREAT AMERICAN SONGBOOK";"SWING";92,5;"MEDIUM SLOW";"C-maj";"4/4";"1938-11-11";"Heyman, Sour, Eyton, Green";"A8A8B8A8";"";"Classic Records";1994;122;35,7;1938
87;"Clifford Brown";"A Night in Tunisia";1;3;"tp";"HARDBOP";"FUNCTIONAL";"ORIGINAL";"SWING";189,7;"UP";"D-min";"4/4";"1954-02-21";"Dizzie Gillespie";"A8A8B8A8";"";"Membran International";2005;624;120,2;1954
88;"Clifford Brown";"Daahoud";1;2;"tp";"HARDBOP";"FUNCTIONAL";"ORIGINAL";"SWING";240,9;"UP";"Eb-maj";"4/4";"1954-08-06";"Clifford Brown";"A8A8B8A8";"";"Membran International";2005;398;64,3;1954
89;"Clifford Brown";"George's Dilemma";1;2;"tp";"HARDBOP";"FUNCTIONAL";"ORIGINAL";"A:LATIN/B:SWING";154,8;"MEDIUM UP";"Db-min";"4/4";"1955-02-24";"Clifford Brown";"A16B8A8";"";"Nippon Phonogram Co., Ltd.0";1989;429;100,7;1955
90;"Clifford Brown";"I'll Remember April";1;2;"tp";"HARDBOP";"FUNCTIONAL";"GREAT AMERICAN SONGBOOK";"SWING";291,5;"UP";"G-maj";"4/4";"1956-02-16";"Raye/DePaul/Johnston";"A16B16A16";"";"EmArcy";1991;573;80,4;1956
91;"Clifford Brown";"I'll Remember April";1;2;"tp";"HARDBOP";"FUNCTIONAL";"GREAT AMERICAN SONGBOOK";"SWING";285,4;"UP";"G-maj";"4/4";"1956-02-16";"Raye/DePaul/Johnston";"A16B16A16";"";"Nippon Phonogram Co., Ltd.0";1989;590;81,7;1956
92;"Clifford Brown";"Jordu";1;2;"tp";"HARDBOP";"FUNCTIONAL";"ORIGINAL";"SWING";139;"MEDIUM";"Eb-maj";"4/4";"1954-08-03";"Duke Jordan";"A8A8B8A8";"";"Membran International";2005;552;110,2;1954
93;"Clifford Brown";"Joy Spring";1;2;"tp";"HARDBOP";"FUNCTIONAL";"ORIGINAL";"SWING";161;"MEDIUM UP";"F-maj";"4/4";"1954-08-06";"Clifford Brown";"A16B8C8";"";"Nippon Phonogram Co., Ltd.0";1989;455;94,7;1954
94;"Clifford Brown";"Sandu";1;2;"tp";"HARDBOP";"BLUES";"ORIGINAL";"SWING";139,5;"MEDIUM";"Eb-maj";"4/4";"1955-02-25";"Clifford Brown";"A12";"Blues";"Nippon Phonogram Co., Ltd.0";1989;201;44,8;1955
95;"Clifford Brown";"Stompin' at the Savoy";1;2;"tp";"HARDBOP";"FUNCTIONAL";"GREAT AMERICAN SONGBOOK";"SWING";163,9;"MEDIUM UP";"Db-maj";"4/4";"1954-08-03";"Goodman, Webb, Samson";"A16B8A8";"";"Membran International";2005;410;92,9;1954
96;"Coleman Hawkins";"Body and Soul";1;2;"ts";"SWING";"FUNCTIONAL";"GREAT AMERICAN SONGBOOK";"SWING";95;"MEDIUM SLOW";"Db-maj";"4/4";"1939-10-11";"Heyman, Sour, Eyton, Green";"A8A8B8A8";"";"Membran Music Ltd.";2005;635;167,4;1939
97;"Coleman Hawkins";"It's Only a Papermoon";1;1;"ts";"SWING";"FUNCTIONAL";"GREAT AMERICAN SONGBOOK";"SWING";133,7;"MEDIUM";"F-maj";"4/4";"1949-12-21";"Arlen, Rose, Harburg";"A8A8B8A8";"";"Membran Music Ltd.";2005;257;57,7;1949
98;"Coleman Hawkins";"My Blue Heaven";1;1;"ts";"SWING";"FUNCTIONAL";"GREAT AMERICAN SONGBOOK";"SWING";132;"MEDIUM";"Eb-maj";"4/4";"1950";"Whiting, Donaldson";"A8A8B8A8";"";"Membran Music Ltd.";2005;207;58;1950
99;"Coleman Hawkins";"Perdido";1;2;"ts";"SWING";"FUNCTIONAL";"GREAT AMERICAN SONGBOOK";"SWING";177,5;"MEDIUM UP";"Bb-maj";"4/4";"1950";"Tizol";"A8A8B8A8";"";"Membran Music Ltd.";2005;468;89;1950
100;"Coleman Hawkins";"Sophisticated Lady";1;1;"ts";"SWING";"FUNCTIONAL";"GREAT AMERICAN SONGBOOK";"SWING";67,6;"SLOW";"Ab-maj";"4/4";"1949-12-21";"Ellington";"A8A8B8A8";"";"Membran Music Ltd.";2005;696;173,6;1949
101;"Coleman Hawkins";"Stompin' at the Savoy";1;2;"ts";"SWING";"FUNCTIONAL";"GREAT AMERICAN SONGBOOK";"SWING";250,2;"UP";"Db-maj";"4/4";"1954";"Goodman, Webb, Samson";"A16B8A8";"";"Membran Music Ltd.";2005;346;62;1954
102;"Curtis Fuller";"Blue Train";1;5;"tb";"HARDBOP";"BLUES";"ORIGINAL";"SWING";131,8;"MEDIUM";"Eb-maj";"4/4";"1957-09-15";"John Coltrane";"A12";"Blues";"Blue Note";1985;382;107,3;1957
103;"Curtis Fuller";"Down Under";1;2;"tb";"HARDBOP";"BLUES";"ORIGINAL";"SWING";147,4;"MEDIUM UP";"F#-min";"4/4";"1961-10-02";"Freddie Hubbard";"A12";"Blues";"Blue Note";1997;119;37,1;1961
104;"David Liebman";"Begin the Beguine";1;1;"ss";"POSTBOP";"FUNCTIONAL";"GREAT AMERICAN SONGBOOK";"SWING";120,1;"MEDIUM";"Bb-maj";"4/4";"1988";"Cole Porter";"A16A16B16A16";"";"Red Records";1991;319;66,4;1988
105;"David Liebman";"Day & Nite";1;4;"ss";"POSTBOP";"COLOR";"ORIGINAL";"SWING";244,9;"UP";"Eb-maj";"4/4";"1988";"David Liebman";"A16A16B16";"";"Advance Music";1988;819;183,3;1988
106;"David Liebman";"I've Got You Under My Skin";1;3;"ss";"POSTBOP";"FUNCTIONAL";"GREAT AMERICAN SONGBOOK";"SWING";256,2;"UP";"Eb-maj";"4/4";"1988";"Cole Porter";"A16B16C8D16";"";"Red Records";1991;914;159,4;1988
107;"David Liebman";"Milestones";1;3;"ss";"POSTBOP";"MODAL";"ORIGINAL";"SWING";312;"UP";"F-maj";"4/4";"May 1992";"Miles Davis";"A20";"";"Red Records";1993;502;94,5;1992
108;"David Liebman";"Nica's Dream";1;1;"ss";"POSTBOP";"COLOR";"ORIGINAL";"LATIN";151,2;"MEDIUM UP";"Eb-maj";"4/4";"May 1992";"Horace Silver";"A16A16B16A16";"";"Red Records";1993;656;100,1;1992
109;"David Liebman";"No Greater Love";1;2;"ts";"POSTBOP";"FUNCTIONAL";"GREAT AMERICAN SONGBOOK";"SWING";209,1;"UP";"Bb-maj";"4/4";"1996-01-05";"Symes, Jones";"A8A8B8A8";"";"Double-Time Records";1996;380;72,2;1996
110;"David Liebman";"Pablo's Story";1;4;"ss";"POSTBOP";"MODAL";"ORIGINAL";"LATIN/FUNK";144,2;"MEDIUM UP";"E-min";"4/4";"1988";"David Liebman";"A16B16";"";"Advance Music";1988;712;186,5;1988
111;"David Liebman";"Pendulum";1;1;"ss";"POSTBOP";"FREE";"ORIGINAL";"FUNK/SWING";258,6;"UP";"F#-chrom";"4/4";"1988";"Richard Beirach";"open";"";"Advance Music";1988;677;138;1988
112;"David Liebman";"Secret Love";1;3;"ts";"POSTBOP";"FUNCTIONAL";"GREAT AMERICAN SONGBOOK";"LATIN";272,7;"UP";"Eb-maj";"4/4";"1996-01-05";"Parish, Sherwood";"A16A16B8A8";"";"Double-Time Records";1996;642;129,2;1996
113;"David Liebman";"Softly as in a Morning Sunrise";1;7;"ss";"POSTBOP";"MODAL";"GREAT AMERICAN SONGBOOK";"SWING";260,7;"UP";"C-min";"4/4";"1988";"S. Romberg/O. Hammerstein";"A8A8B8A8";"";"Advance Music";1988;1098;211,9;1988
114;"David Liebman";"There Will Never Be Another You";1;3;"ts";"POSTBOP";"FUNCTIONAL";"GREAT AMERICAN SONGBOOK";"SWING";151,7;"MEDIUM UP";"Eb-maj";"4/4";"1996-01-05";"Gordon/Warren";"A16B16";"";"Double-Time Records";1996;799;153,4;1996
115;"David Murray";"Ask Me Now";1;1;"ts";"POSTBOP";"FUNCTIONAL";"ORIGINAL";"SWING";131,2;"MEDIUM";"Db-maj";"4/4";"1991-04-23";"Thelonious Monk";"A8A8B8A8";"";"Enja Records";1993;281;57,2;1991
116;"David Murray";"Blues for Two";1;7;"ts";"POSTBOP";"BLUES";"ORIGINAL";"SWING";60,4;"SLOW";"Bb-maj";"4/4";"1990-05-19";"G. Arvanitas";"A12";"Blues";"Fresh Sound Records";1991;1302;335,5;1990
117;"David Murray";"Blues for Two";2;1;"ts";"POSTBOP";"BLUES";"ORIGINAL";"SWING";61,3;"SLOW";"Bb-maj";"4/4";"1990-05-19";"G. Arvanitas";"A12";"Blues";"Fresh Sound Records";1991;124;43,9;1990
118;"David Murray";"Body and Soul";1;1;"ts";"POSTBOP";"FUNCTIONAL";"GREAT AMERICAN SONGBOOK";"BALLAD";65,9;"SLOW";"Db-maj";"4/4";"25, 26 & 30.09 1983";"Heyman, Sour, Eyton, Green";"A8A8B8A8";"";"Black Saint Records";1984;564;118,7;1983
119;"David Murray";"Body and Soul";2;1;"ts";"POSTBOP";"FUNCTIONAL";"GREAT AMERICAN SONGBOOK";"BALLAD";65,1;"SLOW";"Db-maj";"4/4";"25, 26 & 30.09 1983";"Heyman, Sour, Eyton, Green";"A8A8B8A8";"";"Black Saint Records";1984;146;30,3;1983
120;"David Murray";"Chelsea Bridge";1;1;"ts";"POSTBOP";"FUNCTIONAL";"GREAT AMERICAN SONGBOOK";"BALLAD";53;"SLOW";"Db-maj";"4/4";"1990-05-19";"Billy Strayhorn";"A8A8B8A8";"";"Fresh Sound Records";1991;588;149,7;1990
121;"Dexter Gordon";"Cheese Cake";1;2;"ts";"HARDBOP";"FUNCTIONAL";"ORIGINAL";"SWING";220,9;"UP";"C-min";"4/4";"1962-08-27";"Dexter Gordon";"A16A16B8C16";"";"Blue Note";1999;588;123,9;1962
122;"Dexter Gordon";"Dextivity";1;2;"ts";"BEBOP";"FUNCTIONAL";"ORIGINAL";"SWING";93,2;"MEDIUM SLOW";"C-maj";"4/4";"1947-12-22";"Dexter Gordon";"A8A8B8A8";"";"History/Trumpets of Jericho Ltd.";1998;348;82,6;1947
123;"Dexter Gordon";"Montmartre";1;4;"ts";"HARDBOP";"FUNCTIONAL";"ORIGINAL";"SWING";204,2;"UP";"Bb-min";"4/4";"02.+04.04.1969";"Dexter Gordon";"A8A8B8A8";"";"Prestige";1993;680;153,3;1969
124;"Dexter Gordon";"Society Red";1;9;"ts";"HARDBOP";"BLUES";"ORIGINAL";"SWING";113,7;"MEDIUM";"Bb-maj";"4/4";"1961-05-06";"Dexter Gordon";"A12";"Blues";"Blue Note";1988;1037;244,4;1961
125;"Dexter Gordon";"Stanley the Steamer";1;12;"ts";"HARDBOP";"BLUES";"ORIGINAL";"SWING";181,2;"UP";"Bb-maj";"4/4";"02.+04.04.1969";"Dexter Gordon";"A12";"Blues";"Prestige";1993;777;192,1;1969
126;"Dexter Gordon";"The Rainbow People";1;3;"ts";"HARDBOP";"FUNCTIONAL";"ORIGINAL";"SWING";120;"MEDIUM";"Eb-maj";"4/4";"02.+04.04.1969";"Dexter Gordon";"A8A8B8A8";"";"Prestige";1993;719;196,2;1969
127;"Dickie Wells";"After Theatre Jump";1;1;"tb";"SWING";"FUNCTIONAL";"ORIGINAL";"SWING";173,5;"MEDIUM UP";"Db-maj";"4/4";"1944-03-22";"Wells";"A8A8B8A8";"I Got Rhythm";"Membran Music Ltd..";2005;158;44,3;1944
128;"Dickie Wells";"Destination K.C.";1;1;"tb";"SWING";"FUNCTIONAL";"ORIGINAL";"SWING";249,1;"UP";"C-maj";"4/4";"1944-03-22";"Clayton";"A8A8B8A8";"I Got Rhythm";"Membran Music Ltd..";2005;129;31,1;1944
129;"Dickie Wells";"Dickie's Dream";1;1;"tb";"SWING";"FUNCTIONAL";"ORIGINAL";"SWING";229,4;"UP";"C-min";"4/4";"1939-09-05";"Basie-Young";"A8A8B8A8";"";"Membran Music Ltd..";2005;109;31,8;1939
130;"Dickie Wells";"I Got Rhythm";1;2;"tb";"SWING";"FUNCTIONAL";"GREAT AMERICAN SONGBOOK";"SWING";243,4;"UP";"Bb-maj";"4/4";"1944-03-14";"G. & I. Gershwin";"A8A8B8A8";"I Got Rhythm";"Quadromania";2006;236;63,6;1944
131;"Dickie Wells";"Jo-Jo";1;2;"tb";"SWING";"BLUES";"ORIGINAL";"SWING";183,4;"UP";"Bb-maj";"4/4";"1944-03-14";"Joe Bushkin";"A12";"Blues";"Quadromania";2006;114;31,6;1944
132;"Dickie Wells";"Six Cats and a Prince";1;1;"tb";"SWING";"FUNCTIONAL";"ORIGINAL";"SWING";217,6;"UP";"Bb-maj";"4/4";"1944-03-22";"Clayton";"A8A8B8A8";"";"Membran Music Ltd..";2005;124;35;1944
133;"Dizzy Gillespie";"Anthropology";1;1;"tp";"BEBOP";"FUNCTIONAL";"ORIGINAL";"SWING";245,7;"UP";"Bb-maj";"4/4";"1946-02-22";"Parker, Gillespie";"A8A8B8A8";"I Got Rhythm";"BMG/Makin' Friends records";1994;158;31,2;1946
134;"Dizzy Gillespie";"Be-Bop";1;3;"tp";"BEBOP";"FUNCTIONAL";"ORIGINAL";"SWING";290,2;"UP";"F-min";"4/4";"1945-01-09";"Gillespie";"A8A8B16";"";"BMG/Makin' Friends records";1994;536;79,1;1945
135;"Dizzy Gillespie";"Blue 'n Boogie";1;4;"tp";"BEBOP";"BLUES";"ORIGINAL";"SWING";204,4;"UP";"Bb-maj";"4/4";"1945-02-09";"Gillespie/Paparelli";"A12";"Blues";"BMG/Makin' Friends records";1994;305;57;1945
136;"Dizzy Gillespie";"Cognac Blues";1;2;"tp";"BEBOP";"BLUES";"ORIGINAL";"SWING";113,6;"MEDIUM";"F-maj";"4/4";"1952-03-25";"Dizzy Gillespie";"A12";"Blues";"Membran Music Ltd.";2005;150;39,9;1952
137;"Dizzy Gillespie";"Groovin' High";1;2;"tp";"BEBOP";"FUNCTIONAL";"ORIGINAL";"SWING";181,9;"UP";"Db-maj";"4/4";"1945-12-29";"Dizzy Gillespie";"A16A16";"";"BMG/Makin' Friends records";1994;442;81,6;1945
138;"Dizzy Gillespie";"Hot House";1;1;"tp";"BEBOP";"FUNCTIONAL";"ORIGINAL";"SWING";171,1;"MEDIUM UP";"C-maj";"4/4";"1945-05-11";"Tadd Dameron";"A8A8B8A8";"What Is this Thing Called Love";"BMG/Makin' Friends records";1994;217;43,2;1945
139;"Don Byas";"Be-Bop";1;2;"ts";"BEBOP";"FUNCTIONAL";"ORIGINAL";"SWING";288,6;"UP";"F-min";"4/4";"1945-01-09";"Gillespie";"A8A8B16";"";"BMG/Makin' Friends records";1994;336;52,7;1945
140;"Don Byas";"Body and Soul";1;2;"ts";"SWING";"FUNCTIONAL";"GREAT AMERICAN SONGBOOK";"SWING";98,6;"MEDIUM SLOW";"Db-maj";"4/4";"1947";"Heyman, Sour, Eyton, Green";"A8A8B8A8";"";"Classic Records";1999;723;155,6;1947
141;"Don Byas";"Cognac Blues";1;2;"ts";"SWING";"BLUES";"ORIGINAL";"SWING";115,9;"MEDIUM";"F-maj";"4/4";"1952-03-25";"Dizzy Gillespie";"A12";"Blues";"Membran Music Ltd.";2005;193;48,5;1952
142;"Don Byas";"Harvard Blues";1;1;"ts";"SWING";"BLUES";"ORIGINAL";"SWING";98,5;"MEDIUM SLOW";"Db-maj";"4/4";"1945-08-30";"Frazier, Smith, Basie)";"A12";"Blues";"Membran Music Ltd.";2005;72;29,2;1945
143;"Don Byas";"Harvard Blues";2;1;"ts";"SWING";"BLUES";"ORIGINAL";"SWING";99,3;"MEDIUM SLOW";"Db-maj";"4/4";"1945-08-30";"Frazier, Smith, Basie)";"A12";"Blues";"Membran Music Ltd.";2005;122;31;1945
144;"Don Byas";"Infidele (Cry)";1;2;"ts";"SWING";"FUNCTIONAL";"GREAT AMERICAN SONGBOOK";"SWING";120,1;"MEDIUM";"Bb-maj";"4/4";"1952-02-06";"Churchill - Kohlman";"A16B16";"";"Membran Music Ltd.";2005;253;72;1952
145;"Don Byas";"Out of Nowhere";1;1;"ts";"SWING";"FUNCTIONAL";"GREAT AMERICAN SONGBOOK";"BALLAD";55,5;"SLOW";"G-maj";"4/4";"1945-06-27";"Heyman, Green";"A16B16";"";"Membran Music Ltd.";2005;267;68,8;1945
146;"Don Byas";"Un Amour Pleurait";1;1;"ts";"SWING";"FUNCTIONAL";"GREAT AMERICAN SONGBOOK";"SWING";106;"MEDIUM SLOW";"F-maj";"4/4";"1952-02-06";"Ray";"A8A8B8C8";"";"Membran Music Ltd.";2005;298;74,8;1952
147;"Don Ellis";"I Love You";1;2;"tp";"POSTBOP";"FUNCTIONAL";"GREAT AMERICAN SONGBOOK";"SWING";146,9;"MEDIUM UP";"F-maj";"";"1961-04-21";"C. Porter";"A8A8B8A8";"";"Sarabandas srl (Giants of Jazz)";1995;305;105,9;1961
148;"Don Ellis";"Johnny Come Lately";1;2;"tp";"POSTBOP";"FUNCTIONAL";"GREAT AMERICAN SONGBOOK";"SWING";211,3;"UP";"G-min";"4/4";"1962-07-15";"Duke Ellington";"A8A8B8A8";"";"Sarabandas srl (Giants of Jazz)";1995;298;74,2;1962
149;"Don Ellis";"Out of Nowhere";1;1;"tp";"POSTBOP";"FUNCTIONAL";"GREAT AMERICAN SONGBOOK";"SWING";151,9;"MEDIUM UP";"G-maj";"4/4";"1961-04-21";"Heyman, Green";"A16B16";"";"Sarabandas srl (Giants of Jazz)";1995;229;54,3;1961
150;"Don Ellis";"Sweet and Lovely";1;2;"tp";"POSTBOP";"FUNCTIONAL";"GREAT AMERICAN SONGBOOK";"SWING";134,1;"MEDIUM";"C-maj";"4/4";"1961-04-21";"Arnheim/Tobias/Lemare";"A8A8B8A8";"";"Sarabandas srl (Giants of Jazz)";1995;331;115,4;1961
151;"Don Ellis";"You Stepped Out of a Dream";1;1;"tp";"POSTBOP";"FUNCTIONAL";"GREAT AMERICAN SONGBOOK";"SWING";199,5;"UP";"D-maj";"4/4";"1961-04-21";"Kahn/Brown";"A16B16";"";"Sarabandas srl (Giants of Jazz)";1995;177;39,3;1961
152;"Don Ellis";"You Stepped Out of a Dream";2;1;"tp";"POSTBOP";"FUNCTIONAL";"GREAT AMERICAN SONGBOOK";"SWING";168,9;"MEDIUM UP";"D-maj";"4/4";"1961-04-21";"Kahn/Brown";"A16B16";"";"Sarabandas srl (Giants of Jazz)";1995;118;43,2;1961
153;"Eric Dolphy";"245";1;3;"as";"POSTBOP";"BLUES";"ORIGINAL";"SWING";71,2;"SLOW";"F-maj";"4/4";"1960-04-01";"Eric Dolphy";"A12";"Blues";"Prestige";1960;730;118,9;1960
154;"Eric Dolphy";"Aisha";1;1;"as";"POSTBOP";"FUNCTIONAL";"ORIGINAL";"SWING";62,9;"SLOW";"A-min";"4/4";"1961-05-25";"McCoy Tyner";"B8A8";"";"Atlantic Records";1995;379;62,9;1961
155;"Eric Dolphy";"Dahomey Dance";1;6;"as";"POSTBOP";"BLUES";"ORIGINAL";"SWING";128,9;"MEDIUM";"G-maj";"4/4";"1961-05-25";"John Coltrane";"A12";"Blues";"Atlantic Records";1995;552;135,2;1961
156;"Eric Dolphy";"Les";1;4;"as";"POSTBOP";"BLUES";"ORIGINAL";"SWING";235,4;"UP";"F-maj";"4/4";"1960-04-01";"Eric Dolphy";"A14";"Blues";"Prestige";1960;502;58,2;1960
157;"Eric Dolphy";"On Green Dolphin Street";1;2;"bcl";"POSTBOP";"FUNCTIONAL";"GREAT AMERICAN SONGBOOK";"SWING";172,5;"MEDIUM UP";"Eb-maj";"4/4";"1960-04-01";"Kaper/Washington";"A8B8A8C8";"";"Prestige";1960;567;93,1;1960
158;"Eric Dolphy";"Serene";1;3;"bcl";"POSTBOP";"BLUES";"ORIGINAL";"SWING";75,2;"SLOW";"Eb-maj";"4/4";"1960-08-15";"Eric Dolphy";"A12";"Blues";"Prestige";1960;600;114,6;1960
159;"Fats Navarro";"Anthropology";1;2;"tp";"BEBOP";"FUNCTIONAL";"ORIGINAL";"SWING";300,7;"UP";"Bb-maj";"4/4";"1948";"Parker, Gillespie";"A8A8B8A8";"I Got Rhythm";"Trumpets of Jericho Ltd.";NA;379;50,8;1948
160;"Fats Navarro";"Double Talk";1;3;"tp";"BEBOP";"FUNCTIONAL";"ORIGINAL";"SWING";225,8;"UP";"F-maj";"4/4";"1948-10-11";"McGhee, Navaro";"A8A8B8A8";"";"Trumpets of Jericho Ltd.";NA;660;104,1;1948
161;"Fats Navarro";"Good Bait";1;1;"tp";"BEBOP";"FUNCTIONAL";"ORIGINAL";"SWING";146,2;"MEDIUM UP";"Bb-maj";"4/4";"1948";"Dameron";"A8A8B8A8";"";"Trumpets of Jericho Ltd.";NA;261;53,2;1948
162;"Fats Navarro";"Good Bait";1;1;"tp";"BEBOP";"FUNCTIONAL";"ORIGINAL";"SWING";147,4;"MEDIUM UP";"Bb-maj";"4/4";"1948";"Dameron";"A8A8B8A8";"";"Trumpets of Jericho Ltd.";NA;298;52,7;1948
163;"Fats Navarro";"Our Delight";1;1;"tp";"BEBOP";"FUNCTIONAL";"ORIGINAL";"SWING";200,7;"UP";"Ab-maj";"4/4";"1948";"Dameron";"A8A8B8A8";"";"Trumpets of Jericho Ltd.";NA;208;38,5;1948
164;"Fats Navarro";"The Skunk";1;2;"tp";"BEBOP";"BLUES";"ORIGINAL";"SWING";163,8;"MEDIUM UP";"Db-maj";"4/4";"1948-10-11";"Dameron";"A12";"Blues";"Trumpets of Jericho Ltd.";NA;162;34,6;1948
165;"Freddie Hubbard";"245";1;3;"tp";"POSTBOP";"BLUES";"ORIGINAL";"SWING";73;"SLOW";"F-maj";"4/4";"1960-04-01";"Eric Dolphy";"A12";"Blues";"Prestige";1960;439;120;1960
166;"Freddie Hubbard";"Dolphin Dance";1;2;"tp";"POSTBOP";"COLOR";"ORIGINAL";"SWING";118,9;"MEDIUM";"";"4/4";"1966-03-17";"Herbie Hancock";"A12B18C4";"";"Blue Note";1966;421;130,1;1966
167;"Freddie Hubbard";"Down Under";1;2;"tp";"HARDBOP";"BLUES";"ORIGINAL";"SWING";146,1;"MEDIUM UP";"F#-min";"4/4";"1961-10-02";"Freddie Hubbard";"A12";"Blues";"Blue Note";1997;110;38,6;1961
168;"Freddie Hubbard";"Maiden Voyage";1;2;"tp";"POSTBOP";"MODAL";"ORIGINAL";"SWING";126;"MEDIUM";"";"4/4";"1965-03-17";"Herbie Hancock";"A8A8B8A8";"";"Blue Note";1965;552;118,5;1965
169;"Freddie Hubbard";"Society Red";1;6;"tp";"HARDBOP";"BLUES";"ORIGINAL";"SWING";113,6;"MEDIUM";"F-maj";"4/4";"1961-05-06";"Dexter Gordon";"A12";"Blues";"Blue Note";1988;449;149,8;1961
170;"Freddie Hubbard";"Speak No Evil";1;1;"tp";"POSTBOP";"COLOR";"ORIGINAL";"SWING";143,2;"MEDIUM UP";"C-min";"4/4";"1964-12-24";"Wayne Shorter";"A14A14B8A14";"";"Blue Note";1965;251;82,4;1964
171;"George Coleman";"Maiden Voyage";1;1;"ts";"POSTBOP";"MODAL";"ORIGINAL";"SWING";125,4;"MEDIUM";"";"4/4";"1965-03-17";"Herbie Hancock";"A8A8B8A8";"";"Blue Note";1965;224;62,3;1965
172;"Gerry Mulligan";"Bunny";1;1;"bs";"COOL";"FUNCTIONAL";"ORIGINAL";"SWING";115,2;"MEDIUM";"C-maj";"4/4";"1959-11-17";"Shorty Rogers";"A8A8B8A8";"";"Verve Records";1960;231;65,2;1959
173;"Gerry Mulligan";"Line for Lyons";1;1;"bs";"COOL";"FUNCTIONAL";"ORIGINAL";"SWING";173,1;"MEDIUM UP";"Bb-maj";"4/4";"1957-08-27";"Gerry Mulligan";"A8A88C8";"";"Verve Records";1960;198;46,5;1957
174;"Gerry Mulligan";"Scrapple from the Apple";1;4;"bs";"COOL";"FUNCTIONAL";"ORIGINAL";"SWING";252;"UP";"G-min";"4/4";"1957-10-12";"Parker";"A8A8B8A8";"";"Verve Records";1960;671;121,5;1957
175;"Gerry Mulligan";"The Red Door";1;2;"bs";"COOL";"FUNCTIONAL";"ORIGINAL";"SWING";236,4;"UP";"G-maj";"4/4";"1960";"Zoot Sims / Gerry Mulligan";"A8A8B8A8";"";"Verve Records";1960;359;66,9;1960
176;"Gerry Mulligan";"This Can't Be Love";1;6;"bs";"COOL";"FUNCTIONAL";"GREAT AMERICAN SONGBOOK";"SWING";269,1;"UP";"Ab-maj";"4/4";"1957-10-12";"Rodgers, Hart";"A8A8B8A8";"";"Verve Records";1960;960;167,8;1957
177;"Gerry Mulligan";"Walking Shoes";1;1;"bs";"COOL";"FUNCTIONAL";"ORIGINAL";"SWING";137,2;"MEDIUM";"G-maj";"4/4";"15.-16.10.1952";"Gerry Mulligan";"A8A8B8A8";"";"Giants of Jazz";1986;202;63;1952
178;"Hank Mobley";"Doodlin'";1;3;"ts";"HARDBOP";"BLUES";"ORIGINAL";"SWING";121,3;"MEDIUM";"Db-maj";"4/4";"1954-11-13";"H.Silver";"A12";"Blues";"Membran Music Ltd.";2005;283;72,1;1954
179;"Hank Mobley";"Lady Bird";1;6;"ts";"HARDBOP";"FUNCTIONAL";"ORIGINAL";"SWING";220,7;"UP";"C-maj";"4/4";"1955-11-11";"T.Dameron";"A16";"";"Membran Music Ltd.";2005;499;104,1;1955
180;"Hank Mobley";"Remember";1;3;"ts";"HARDBOP";"FUNCTIONAL";"GREAT AMERICAN SONGBOOK";"SWING";165,9;"MEDIUM UP";"Ab-maj";"4/4";"1960-02-07";"Irving Berlin";"A8A8B8A8";"";"Blue Note";1960;633;141,8;1960
181;"Hank Mobley";"Soul Station";1;5;"ts";"HARDBOP";"FUNCTIONAL";"ORIGINAL";"SWING";101,6;"MEDIUM SLOW";"Eb-maj";"4/4";"1960-02-07";"Hank Mobley";"A8";"";"Blue Note";1960;703;193,3;1960
182;"Harry Edison";"Did You Call Her Today";1;2;"tp";"SWING";"FUNCTIONAL";"ORIGINAL";"SWING";118,5;"MEDIUM";"Ab-maj";"4/4";"1962-06-06";"Ben Webster";"A8B8A8C8";"";"Giants of Jazz";1993;366;133,2;1962
183;"Henry Allen";"Baby Won't You Please Come Home";1;2;"tp";"TRADITIONAL";"FUNCTIONAL";"GREAT AMERICAN SONGBOOK";"TWOBEAT";211,5;"UP";"Bb-maj";"4/4";"1941-04-02";"Warfield, Wiliams";"A8B8";"";"Trumpets of Jericho Ltd.";NA;156;41,9;1941
184;"Herbie Hancock";"Agitation";1;2;"p";"POSTBOP";"MODAL";"ORIGINAL";"SWING";293,8;"UP";"";"4/4";"20.22.01.1965";"M. Davis";"A4A4B4A4A4B4A4";"";"Columbia";1965;343;68,1;1965
185;"Herbie Hancock";"Dolores";1;1;"p";"POSTBOP";"COLOR";"ORIGINAL";"SWING";282,3;"UP";"";"4/4";"24-25.10.1966";"Shorter";"A8B6A8";"";"Columbia";1967;613;99,6;1966
186;"Herbie Hancock";"Gingerbread Boy";1;9;"p";"POSTBOP";"BLUES";"ORIGINAL";"SWING";285,8;"UP";"";"4/4";"24-25.10.1966";"Jimmy Heath";"A16";"Blues";"Columbia";1967;708;117;1966
187;"Herbie Hancock";"Hand Jive";1;1;"p";"POSTBOP";"COLOR";"ORIGINAL";"SWING";262,1;"UP";"";"4/4";"7./22./23.06, 19.07.1967";"Tony Williams";"A11B7";"";"Columbia";1968;642;138,9;1967
188;"Herbie Hancock";"Orbits";1;1;"p";"POSTBOP";"COLOR";"ORIGINAL";"SWING";264,9;"UP";"";"4/4";"24-25.10.1966";"Shorter";"open";"";"Columbia";1967;463;79,7;1966
189;"J.C. Higginbotham";"Baby Won't You Please Come Home";1;2;"tb";"TRADITIONAL";"FUNCTIONAL";"GREAT AMERICAN SONGBOOK";"TWOBEAT";209,5;"UP";"Bb-maj";"4/4";"1941-04-02";"Warfield, Wiliams";"A8B8";"";"Trumpets of Jericho Ltd.";NA;170;40,8;1941
190;"J.J. Johnson";"Blue Mode";1;1;"tb";"BEBOP";"BLUES";"ORIGINAL";"SWING";64,1;"SLOW";"Bb-maj";"4/4";"1949-10-17";"J.J. Johnson";"A12";"Blues";"Membran Music Ltd.";2005;222;90,2;1949
191;"J.J. Johnson";"Blues in the Closet";1;16;"tb";"BEBOP";"BLUES";"ORIGINAL";"SWING";234,4;"UP";"Bb-blues";"4/4";"1957-09-29";"Pettiford";"A12";"Blues";"Polydor K.K";1995;812;197,5;1957
192;"J.J. Johnson";"Crazy Rhythm";1;5;"tb";"BEBOP";"FUNCTIONAL";"GREAT AMERICAN SONGBOOK";"SWING";277,3;"UP";"F-maj";"4/4";"1957-09-29";"Meyer, Kahn, Caesar";"A8A8B8A8";"";"Polydor K.K";1995;611;140,6;1957
193;"J.J. Johnson";"Elora";1;1;"tb";"BEBOP";"FUNCTIONAL";"ORIGINAL";"SWING";196,9;"UP";"Bb-maj";"4/4";"1949-10-17";"J.J. Johnson";"A8A8B8C8";"";"Membran Music Ltd.";2005;140;38,9;1949
194;"J.J. Johnson";"My Funny Valentine";1;2;"tb";"BEBOP";"FUNCTIONAL";"GREAT AMERICAN SONGBOOK";"SWING";133,3;"MEDIUM";"F-min";"4/4";"1957-09-29";"Rodgers, Hart";"A8A8B8C12";"";"Polydor K.K";1995;365;134,8;1957
195;"J.J. Johnson";"Teapot";1;2;"tb";"BEBOP";"FUNCTIONAL";"ORIGINAL";"SWING";315,2;"UP";"F-maj";"4/4";"1949-10-17";"J.J. Johnson";"A8B8";"";"Membran Music Ltd.";2005;251;48,8;1949
196;"J.J. Johnson";"Walkin'";1;7;"tb";"HARDBOP";"BLUES";"ORIGINAL";"SWING";127,9;"MEDIUM";"F-maj";"4/4";"1954-04-29";"Miles Davis/Richard Carpenter";"A12";"Blues";"Prestige";1957;434;156,5;1954
197;"J.J. Johnson";"Yesterdays";1;4;"tb";"BEBOP";"FUNCTIONAL";"GREAT AMERICAN SONGBOOK";"SWING";125,1;"MEDIUM";"D-min";"4/4";"1957-10-07";"Kern, Harbach";"A16A16";"";"Polydor K.K";1995;489;127,5;1957
198;"Joe Henderson";"In 'n Out";1;18;"ts";"POSTBOP";"BLUES";"ORIGINAL";"SWING";276,7;"UP";"Eb-maj";"4/4";"1964-04-10";"Joe Henderson";"A12";"Blues";"Blue Note";1964;1121;186,8;1964
199;"Joe Henderson";"In 'n Out";2;8;"ts";"POSTBOP";"BLUES";"ORIGINAL";"SWING";299,5;"UP";"Eb-maj";"4/4";"1964-04-10";"Joe Henderson";"A12";"Blues";"Blue Note";1964;517;82,3;1964
200;"Joe Henderson";"Johnny Come Lately";1;3;"ts";"POSTBOP";"FUNCTIONAL";"GREAT AMERICAN SONGBOOK";"SWING";247,6;"UP";"G-min";"4/4";"03.-08.09.1991";"Duke Ellington";"A8A8B8A8";"";"Verve";1992;607;91,6;1991
201;"Joe Henderson";"Punjab";1;5;"ts";"POSTBOP";"COLOR";"ORIGINAL";"SWING";160,1;"MEDIUM UP";"D-chrom";"4/4";"1964-04-10";"Joe Henderson";"A10B8";"";"Blue Note";1964;716;134,8;1964
202;"Joe Henderson";"Serenity";1;5;"ts";"POSTBOP";"FUNCTIONAL";"ORIGINAL";"SWING";157,3;"MEDIUM UP";"Eb-maj";"4/4";"1964-04-10";"Joe Henderson";"A14";"";"Blue Note";1964;542;106,5;1964
203;"Joe Henderson";"The Sidewinder";1;3;"ts";"POSTBOP";"BLUES";"ORIGINAL";"LATIN";153,5;"MEDIUM UP";"Eb-maj";"4/4";"1963-12-21";"Lee Morgan";"A24";"Blues";"Blue Note";1989;536;110,9;1963
204;"Joe Henderson";"Totem Pole";1;2;"ts";"POSTBOP";"FUNCTIONAL";"ORIGINAL";"SWING";137,6;"MEDIUM";"Eb-min";"4/4";"1963-12-21";"Lee Morgan";"A8A8B8A8";"";"Blue Note";1989;562;111,6;1963
205;"Joe Henderson";"U.M.M.G.";1;2;"ts";"POSTBOP";"FUNCTIONAL";"GREAT AMERICAN SONGBOOK";"SWING";219,2;"UP";"Db-maj";"4/4";"03.-08.09.1991";"Billy Strayhorn";"A8A8B8A8";"";"Verve";1992;329;70,3;1991
206;"Joe Lovano";"Body and Soul";1;2;"ts";"POSTBOP";"FUNCTIONAL";"GREAT AMERICAN SONGBOOK";"SWING";60,5;"SLOW";"Db-maj";"4/4";"1991-12-29";"Heyman, Sour, Eyton, Green";"A8A8B8A8";"";"Blue Note";1992;986;254,5;1991
207;"Joe Lovano";"Body and Soul";2;1;"ts";"POSTBOP";"FUNCTIONAL";"GREAT AMERICAN SONGBOOK";"SWING";59,6;"SLOW";"Db-maj";"4/4";"1991-12-29";"Heyman, Sour, Eyton, Green";"A8A8B8A8";"";"Blue Note";1992;208;85,7;1991
208;"Joe Lovano";"Central Park West";1;5;"ts";"POSTBOP";"FUNCTIONAL";"ORIGINAL";"SWING";62,6;"SLOW";"B-maj";"4/4";"1991-12-29";"John Coltrane";"A12B10";"";"Blue Note";1992;712;202,6;1991
209;"Joe Lovano";"Con Alma";1;1;"ts";"POSTBOP";"FUNCTIONAL";"ORIGINAL";"LATIN/SWING";124,6;"MEDIUM";"C-maj";"4/4";"1993";"Dizzy Gillespie";"A8A8B8A8";"";"Advance Music";1993;368;64;1993
210;"Joe Lovano";"I Can't Get Started";1;3;"ts-c";"POSTBOP";"FUNCTIONAL";"GREAT AMERICAN SONGBOOK";"SWING";106,8;"MEDIUM SLOW";"C-maj";"4/4";"1994-03-12";"Vernon Duke";"A8A8B8C8";"";"Blue Note";1995;941;226,3;1994
211;"Joe Lovano";"Little Willie Leaps in";1;8;"ts";"POSTBOP";"FUNCTIONAL";"ORIGINAL";"SWING";303,7;"UP";"F-maj";"4/4";"1994-03-12";"Charlie Parker";"A16B16";"";"Blue Note";1995;1427;203,6;1994
212;"Joe Lovano";"Lonnie's Lament";1;11;"ts";"POSTBOP";"FUNCTIONAL";"ORIGINAL";"SWING";201;"UP";"C-min";"4/4";"1994-03-12";"John Coltrane";"A8B8";"";"Blue Note";1995;862;193,5;1994
213;"Joe Lovano";"Work";1;3;"ss";"POSTBOP";"FUNCTIONAL";"ORIGINAL";"SWING";208,7;"UP";"G-min";"4/4";"1991-12-29";"Thelonious Monk";"A8A8B8";"";"Blue Note";1992;600;110,7;1991
214;"John Abercrombie";"Ralph's Piano Waltz";1;3;"g";"POSTBOP";"MODAL";"ORIGINAL";"SWING";196,5;"UP";"";"3/4";"1988";"John Abercrombie";"A28";"";"Advance Music";1988;298;78,8;1988
215;"John Coltrane";"26-2";1;4;"ts";"HARDBOP";"FUNCTIONAL";"ORIGINAL";"SWING";194,5;"UP";"F-maj";"4/4";"1960-10-24";"Coltrane";"A8A8B8A8";"Confirmation";"Atlantic Records";1995;668;158,3;1960
216;"John Coltrane";"Bessie's Blues";1;5;"ts";"POSTBOP";"BLUES";"ORIGINAL";"SWING";184,3;"UP";"Eb-maj";"4/4";"27.04, 01.06.1964";"John Coltrane";"A12";"Blues";"impulse!";1987;352;80,1;1964
217;"John Coltrane";"Blues by Five";1;7;"ts";"HARDBOP";"BLUES";"ORIGINAL";"SWING";176,5;"MEDIUM UP";"Bb-maj";"4/4";"1956-10-26";"Red Garland";"A12";"Blues";"Prestige";2007;449;111,6;1956
218;"John Coltrane";"Blue Train";1;8;"ts";"HARDBOP";"BLUES";"ORIGINAL";"SWING";141,4;"MEDIUM UP";"Eb-maj";"4/4";"1957-09-15";"John Coltrane";"A12";"Blues";"Blue Note";1985;992;164,6;1957
219;"John Coltrane";"Body and Soul";1;2;"ts";"POSTBOP";"FUNCTIONAL";"GREAT AMERICAN SONGBOOK";"SWING";138;"MEDIUM";"Db-maj";"4/4";"1960-10-24";"Heyman, Sour, Eyton, Green";"A8A8B8A8";"";"Rhino Records Inc";1984;421;111,5;1960
220;"John Coltrane";"Body and Soul";1;1;"ts";"POSTBOP";"FUNCTIONAL";"GREAT AMERICAN SONGBOOK";"SWING";141,6;"MEDIUM UP";"Db-maj";"4/4";"1960-10-24";"Heyman, Sour, Eyton, Green";"A8A8B8A8";"";"Rhino Records Inc";1984;393;110,1;1960
221;"John Coltrane";"Countdown";1;8;"ts";"HARDBOP";"FUNCTIONAL";"ORIGINAL";"SWING";337,6;"UP";"Bb-maj";"4/4";"1959-05-04";"Coltrane";"A16";"Tune Up";"Atlantic Records";1995;867;89;1959
222;"John Coltrane";"Giant Steps";1;11;"ts";"HARDBOP";"FUNCTIONAL";"ORIGINAL";"SWING";290,3;"UP";"Eb-maj";"4/4";"1959";"John Coltrane";"A16";"";"Atlantic Records";1959;1127;147,5;1959
223;"John Coltrane";"Giant Steps";2;2;"ts";"HARDBOP";"FUNCTIONAL";"ORIGINAL";"SWING";299,2;"UP";"Eb-maj";"4/4";"1959";"John Coltrane";"A16";"";"Atlantic Records";1959;198;25,1;1959
224;"John Coltrane";"Impressions";1;31;"ts";"POSTBOP";"MODAL";"ORIGINAL";"SWING";293,4;"UP";"D-min";"4/4";"1961-11-05";"John Coltrane";"A8A8B8A8";"So what";"Impulse";1987;4954;816,3;1961
225;"John Coltrane";"Impressions";1;13;"ts";"POSTBOP";"MODAL";"ORIGINAL";"SWING";278,7;"UP";"D-min";"4/4";"1963-10-22";"John Coltrane";"A8A8B8A8";"So what";"Pablo Records";1977;1954;370,3;1963
226;"John Coltrane";"Mr. P.C.";1;16;"ts";"HARDBOP";"BLUES";"ORIGINAL";"SWING";258,2;"UP";"C-min";"4/4";"1959-05-04";"Coltrane";"A12";"Blues";"Atlantic Records";1995;1165;178,7;1959
227;"John Coltrane";"My Favorite Things";1;1;"ss";"POSTBOP";"MODAL";"GREAT AMERICAN SONGBOOK";"SWING";179,3;"MEDIUM UP";"E-min";"3/4";"1960-10-21";"Richard Rogers & Oscar Hammerstein";"open";"";"Atlantic Records";1995;743;141,9;1960
228;"John Coltrane";"My Favorite Things";2;1;"ss";"POSTBOP";"MODAL";"GREAT AMERICAN SONGBOOK";"SWING";178,9;"MEDIUM UP";"E-maj";"3/4";"1960-10-21";"Richard Rogers & Oscar Hammerstein";"open";"";"Atlantic Records";1995;723;139,9;1960
229;"John Coltrane";"Nature Boy";1;1;"ts";"POSTBOP";"MODAL";"GREAT AMERICAN SONGBOOK";"SWING";186,1;"UP";"E-min";"4/4";"18.02.1963";"Eden Abhez";"open";"";"Impulse! Records";1965;1292;255,8;1963
230;"John Coltrane";"Nutty";1;3;"ts";"HARDBOP";"FUNCTIONAL";"ORIGINAL";"SWING";137,8;"MEDIUM";"Bb-maj";"4/4";"June/July 1957";"Thelonious Monk";"A8A8B8A8";"";"Giants of Jazz";1990;1226;169,5;1957
231;"John Coltrane";"Oleo";1;4;"ts";"HARDBOP";"FUNCTIONAL";"ORIGINAL";"SWING";266,2;"UP";"Bb-maj";"4/4";"1956-10-26";"Sonny Rollins";"A8A8B8A8";"I Got Rhythm";"Prestige";1958;656;114,4;1956
232;"John Coltrane";"Soultrane";1;1;"ts";"HARDBOP";"FUNCTIONAL";"ORIGINAL";"SWING";82,1;"MEDIUM SLOW";"Eb-maj";"4/4";"1956-11-30";"Tadd Dameron";"A8A8B8A8";"";"Giants of Jazz";1990;357;95,3;1956
233;"John Coltrane";"So What";1;2;"ts";"POSTBOP";"MODAL";"ORIGINAL";"SWING";141,6;"MEDIUM UP";"D-maj";"4/4";"1959-03-02";"Davis/Evans";"A8A8B8A8";"So What";"CBS";1962;479;107,5;1959
234;"John Coltrane";"Trane's Blues";1;7;"ts";"HARDBOP";"BLUES";"ORIGINAL";"SWING";164,9;"MEDIUM UP";"Bb-maj";"4/4";"1956-05-11";"John Coltrane";"A12";"Blues";"Giants of Jazz";1990;412;118,8;1956
235;"Johnny Dodds";"Got No Blues";1;1;"cl";"TRADITIONAL";"FUNCTIONAL";"ORIGINAL";"TWOBEAT";141,9;"MEDIUM UP";"F-maj";"4/4";"1927-12-09";"Lillian Hardin";"A8B8";"";"Pendragon Press, New York";2007;100;27,2;1927
236;"Johnny Dodds";"Heebie Jeebies";1;1;"cl";"TRADITIONAL";"FUNCTIONAL";"GREAT AMERICAN SONGBOOK";"TWOBEAT";165,8;"MEDIUM UP";"Ab-maj";"4/4";"1926-02-26";"Boyd Atkins";"A18";"";"Pendragon Press, New York";2007;106;25,6;1926
237;"Johnny Dodds";"Hotter than That";1;1;"cl";"TRADITIONAL";"FUNCTIONAL";"ORIGINAL";"TWOBEAT";212,4;"UP";"Eb-maj";"4/4";"1927-12-13";"Lillian Hardin";"A16";"";"Pendragon Press, New York";2007;170;36,2;1927
238;"Johnny Dodds";"Muskrat Ramble";1;1;"cl";"TRADITIONAL";"FUNCTIONAL";"ORIGINAL";"TWOBEAT";185,1;"UP";"Ab-maj";"4/4";"1926-06-16";"Edward Ory";"A16";"";"Pendragon Press, New York";2007;93;20;1926
239;"Johnny Dodds";"My Heart";1;1;"cl";"TRADITIONAL";"FUNCTIONAL";"ORIGINAL";"TWOBEAT";192,2;"UP";"Eb-maj";"4/4";"1925-11-12";"Lillian Hardin";"A8B8";"";"Pendragon Press, New York";2007;111;20,2;1925
240;"Johnny Dodds";"Once in a While";1;1;"cl";"TRADITIONAL";"FUNCTIONAL";"GREAT AMERICAN SONGBOOK";"TWOBEAT";208,5;"UP";"C-maj";"4/4";"1927-12-10";"William H. Butler";"A16";"";"Pendragon Press, New York";2007;142;34,6;1927
241;"Johnny Hodges";"Bunny";1;1;"as";"SWING";"FUNCTIONAL";"ORIGINAL";"SWING";114,4;"MEDIUM";"C-maj";"4/4";"1959-11-17";"Shorty Rogers";"A8A8B8A8";"";"Verve Records";1960;203;66,9;1959
242;"Johnny Hodges";"Early Morning Rock";1;2;"as";"SWING";"BLUES";"ORIGINAL";"SWING";175,6;"MEDIUM UP";"Eb-maj";"4/4";"1957-09-03";"Johnny Hodges";"A12";"Blues";"PolyGram Records, Inc.";1994;117;33,6;1957
243;"Joshua Redman";"Blues on Sunday";1;6;"ts";"POSTBOP";"BLUES";"ORIGINAL";"SWING";132,7;"MEDIUM";"Eb-maj";"4/4";"1992";"Joshua Redman";"A12";"Blues";"Warner Bros.";1993;619;133,7;1992
244;"Joshua Redman";"Home Fries";1;6;"ts";"POSTBOP";"BLUES";"ORIGINAL";"SWING";181,4;"UP";"Eb-maj";"4/4";"1996";"Joshua Redman";"A16";"Blues";"Warner Bros.";1996;590;128,6;1996
245;"Joshua Redman";"I Got You";1;3;"ts";"FUSION";"BLUES";"ORIGINAL";"FUNK";145,2;"MEDIUM UP";"G-min";"4/4";"1992";"James Brown";"A12";"Blues";"Warner Bros.";1993;306;60,9;1992
246;"Joshua Redman";"Sweet Sorrow";1;1;"ts";"POSTBOP";"COLOR";"ORIGINAL";"BALLAD";53;"SLOW";"G-min";"6/8";"1994";"Redman";"A8A8B8B8";"";"Warner Bros.";1994;502;163,6;1994
247;"Joshua Redman";"Tears in Heaven";1;2;"ts";"FUSION";"FUNCTIONAL";"ORIGINAL";"FUNK";84;"MEDIUM SLOW";"Bb-maj";"4/4";"1993";"Eric Clapton/Will Jennings";"A10B10";"";"Warner Bros.";1993;405;98,7;1993
248;"Kai Winding";"Tiny's Blues";1;5;"tb";"BEBOP";"BLUES";"ORIGINAL";"SWING";222,5;"UP";"F-maj";"4/4";"1948";"Kahn/Cohn";"A12";"Blues";"Trumpets of Jericho Ltd.";NA;208;63,4;1948
249;"Kenny Dorham";"Blues in Be-Bop";1;2;"tp";"BEBOP";"BLUES";"ORIGINAL";"SWING";186,7;"UP";"Eb-maj";"4/4";"1946-09-04";"McKinley/Dorham";"A12";"Blues";"Membran Music Ltd.";2005;158;30,4;1946
250;"Kenny Dorham";"Doodlin'";1;3;"tp";"HARDBOP";"BLUES";"ORIGINAL";"SWING";121,1;"MEDIUM";"Db-maj";"4/4";"1954-11-13";"H.Silver";"A12";"Blues";"Membran Music Ltd.";2005;230;71,2;1954
251;"Kenny Dorham";"In 'n Out";1;12;"tp";"POSTBOP";"BLUES";"ORIGINAL";"SWING";294;"UP";"Eb-maj";"4/4";"1964-04-10";"Joe Henderson";"A12";"Blues";"Blue Note";1964;589;117,3;1964
252;"Kenny Dorham";"Lady Bird";1;5;"tp";"HARDBOP";"FUNCTIONAL";"ORIGINAL";"SWING";211,6;"UP";"C-maj";"4/4";"1955-11-11";"T.Dameron";"A16";"";"Membran Music Ltd.";2005;483;91,7;1955
253;"Kenny Dorham";"Prince Albert";1;3;"tp";"HARDBOP";"FUNCTIONAL";"ORIGINAL";"SWING";152,9;"MEDIUM UP";"F-min";"4/4";"1955-11-11";"K.Dorham";"A8B8C8D12";"All the things you are";"Membran Music Ltd.";2005;738;173,6;1955
254;"Kenny Dorham";"Punjab";1;4;"tp";"POSTBOP";"COLOR";"ORIGINAL";"SWING";154,9;"MEDIUM UP";"D-chrom";"4/4";"1964-04-10";"Joe Henderson";"A10B8";"";"Blue Note";1964;477;110,7;1964
255;"Kenny Dorham";"Serenity";1;2;"tp";"POSTBOP";"FUNCTIONAL";"ORIGINAL";"SWING";154,9;"MEDIUM UP";"Eb-maj";"4/4";"1964-04-10";"Joe Henderson";"A14";"";"Blue Note";1964;181;44,5;1964
256;"Kenny Garrett";"Brother Hubbard";1;1;"as";"FUSION";"COLOR";"ORIGINAL";"FUNK";148;"MEDIUM UP";"D-min";"4/4";"07.-08.01.1997";"Kenny Garett";"A8A8B9";"";"Warner Bros. Records";1997;312;82,3;1997
257;"Kenny Garrett";"Brother Hubbard";2;2;"as";"FUSION";"COLOR";"ORIGINAL";"FUNK";143,2;"MEDIUM UP";"D-min";"4/4";"07.-08.01.1997";"Kenny Garett";"A8A8B9";"";"Warner Bros. Records";1997;452;108;1997
258;"Kenny Wheeler";"Double Vision";1;1;"tp";"POSTBOP";"COLOR";"ORIGINAL";"LATIN/FUNK";155,1;"MEDIUM UP";"D#-maj";"4/4";"1985-06-06";"Dave Holland";"open";"";"ECM";1985;323;89,5;1985
259;"Kenny Wheeler";"Pass It On";1;2;"tp";"FUSION";"MODAL";"ORIGINAL";"FUNK";105,7;"MEDIUM SLOW";"C-min";"4/4";"1991-04-29";"Dave Holland";"A4A4B4A8";"";"Novus";1992;264;70;1991
260;"Kenny Wheeler";"Slipped again";1;3;"tp";"POSTBOP";"BLUES";"ORIGINAL";"SWING";130,1;"MEDIUM";"F-maj";"4/4";"1991-04-29";"Thad Jones";"A12";"Blues";"Novus";1992;256;64;1991
261;"Kid Ory";"Got No Blues";1;1;"tb";"TRADITIONAL";"FUNCTIONAL";"ORIGINAL";"TWOBEAT";144,7;"MEDIUM UP";"F-maj";"4/4";"1927-12-09";"Lillian Hardin";"A8B8";"";"Pendragon Press, New York";2007;80;26,5;1927
262;"Kid Ory";"Gut Bucket Blues";1;1;"tb";"TRADITIONAL";"BLUES";"ORIGINAL";"TWOBEAT";149,8;"MEDIUM UP";"C-maj";"4/4";"1925-11-12";"Louis Armstrong";"A12";"Blues";"Pendragon Press, New York";2007;43;16,2;1925
263;"Kid Ory";"Muskrat Ramble";1;1;"tb";"TRADITIONAL";"FUNCTIONAL";"ORIGINAL";"TWOBEAT";184;"UP";"Ab-maj";"4/4";"1926-06-16";"Edward Ory";"A16";"";"Pendragon Press, New York";2007;52;18,1;1926
264;"Kid Ory";"Savoy Blues";1;1;"tb";"TRADITIONAL";"BLUES";"ORIGINAL";"TWOBEAT";129,6;"MEDIUM";"G-maj";"4/4";"1927-12-13";"Edward Ory";"A12";"Blues";"Pendragon Press, New York";2007;59;23;1927
265;"Kid Ory";"Who's it";1;1;"tb";"TRADITIONAL";"FUNCTIONAL";"ORIGINAL";"TWOBEAT";211,6;"UP";"C-maj";"4/4";"1926-06-16";"Beatrice Jones";"A32";"";"Pendragon Press, New York";2007;85;36,5;1926
266;"Lee Konitz";"All the Things You Are";1;3;"as";"COOL";"FUNCTIONAL";"GREAT AMERICAN SONGBOOK";"SWING";192,5;"UP";"Ab-maj";"4/4";"1955-06-11";"J. Kern, O. Hammerstein";"A8B8C8D12";"";"Membran Music Ltd.";2005;686;150,8;1955
267;"Lee Konitz";"Bop Goes to Leesel";1;6;"as";"COOL";"BLUES";"ORIGINAL";"SWING";229,2;"UP";"Bb-maj";"4/4";"1954-08-06";"Marsh";"A12";"Blues";"Membran Music Ltd.";2005;420;75,1;1954
268;"Lee Konitz";"Crosscurrent";1;1;"as";"COOL";"FUNCTIONAL";"ORIGINAL";"SWING";255,8;"UP";"F-maj";"4/4";"1949-03-04";"Lennie Tristano";"A8B8C8A8";"";"Membran Music Ltd.";2005;205;29,8;1949
269;"Lee Konitz";"I'll Remember April";1;3;"as";"COOL";"FUNCTIONAL";"GREAT AMERICAN SONGBOOK";"SWING";211,2;"UP";"G-maj";"4/4";"1954-08-06";"Raye/DePaul/Johnston";"A16B16A16";"";"Membran Music Ltd.";2005;830;155,4;1954
270;"Lee Konitz";"Marshmallow";1;1;"as";"COOL";"FUNCTIONAL";"ORIGINAL";"SWING";298,6;"UP";"Bb-maj";"4/4";"1949-06-28";"";"A8A8B8A8";"";"Quadromania";2005;352;51,6;1949
271;"Lee Konitz";"Mean to Me";1;2;"as";"COOL";"FUNCTIONAL";"GREAT AMERICAN SONGBOOK";"SWING";138,9;"MEDIUM";"Eb-maj";"4/4";"1954-08-06";"Turk - Ahlert";"A8A8B8A8";"";"Membran Music Ltd.";2005;556;139,4;1954
272;"Lee Konitz";"Tautology";1;2;"as";"COOL";"FUNCTIONAL";"ORIGINAL";"SWING";265,8;"UP";"F-maj";"4/4";"1949-09-27";"Lee Konitz";"A8B8C8A8";"";"Quadromania";2005;351;59,1;1949
273;"Lee Konitz";"Wow";1;1;"as";"COOL";"FUNCTIONAL";"ORIGINAL";"SWING";173,7;"MEDIUM UP";"F-maj";"4/4";"1949-03-04";"";"A8B8A8B8";"";"Membran Music Ltd.";2005;119;20,9;1949
274;"Lee Morgan";"Blue Train";1;1;"tp";"HARDBOP";"BLUES";"ORIGINAL";"SWING";133,6;"MEDIUM";"Eb-maj";"4/4";"1957-09-15";"John Coltrane";"A12";"Blues";"Blue Note";1985;616;107,2;1957
275;"Lee Morgan";"Just One of Those Things";1;2;"tp";"HARDBOP";"FUNCTIONAL";"GREAT AMERICAN SONGBOOK";"SWING";318,7;"UP";"D-min";"4/4";"1957-09-29";"Cole Porter";"A16A16B16A16";"";"Blue Note";1958;821;97;1957
276;"Lee Morgan";"The Sidewinder";1;3;"tp";"HARDBOP";"BLUES";"ORIGINAL";"LATIN";156,3;"MEDIUM UP";"Eb-maj";"4/4";"1963-12-21";"Lee Morgan";"A24";"Blues";"Blue Note";1989;396;112,6;1963
277;"Lee Morgan";"Totem Pole";1;2;"tp";"POSTBOP";"FUNCTIONAL";"ORIGINAL";"SWING";138,4;"MEDIUM";"Eb-min";"4/4";"1963-12-21";"Lee Morgan";"A8A8B8A8";"";"Blue Note";1989;410;111,1;1963
278;"Lester Young";"After Theatre Jump";1;2;"ts";"SWING";"FUNCTIONAL";"ORIGINAL";"SWING";176;"MEDIUM UP";"Db-maj";"4/4";"1944-03-22";"Wells";"A8A8B8A8";"I Got Rhythm";"Membran Music Ltd..";2005;305;87,2;1944
279;"Lester Young";"Body and Soul";1;1;"ts";"SWING";"FUNCTIONAL";"GREAT AMERICAN SONGBOOK";"SWING";79,2;"SLOW";"Db-maj";"4/4";"1942-07-15";"Heyman, Sour, Eyton, Green";"A8A8B8A8";"";"Proper Records";2000;238;97,2;1942
280;"Lester Young";"D.B. Blues";1;1;"ts";"SWING";"BLUES";"ORIGINAL";"SWING";151,1;"MEDIUM UP";"Bb-maj";"4/4";"1945-12-01";"L. Young/K. Pleasure";"A12";"Blues";"Membran Music Ltd..";2005;221;70,3;1945
281;"Lester Young";"Destination K.C.";1;2;"ts";"SWING";"FUNCTIONAL";"ORIGINAL";"SWING";246;"UP";"C-maj";"4/4";"1944-03-22";"Clayton";"A8A8B8A8";"I Got Rhythm";"Membran Music Ltd.";2005;257;62,5;1944
282;"Lester Young";"Dickie's Dream";1;1;"ts";"SWING";"FUNCTIONAL";"ORIGINAL";"SWING";229,3;"UP";"C-min";"4/4";"1939-09-05";"Basie-Young";"A8A8B8A8";"";"Membran Music Ltd.";2005;157;31,2;1939
283;"Lester Young";"Lester Leaps In";1;2;"ts";"SWING";"FUNCTIONAL";"ORIGINAL";"SWING";251,4;"UP";"Bb-maj";"4/4";"1939-09-05";"Lester Young";"A8A8B8C8";"I Got Rhythm";"Membran Music Ltd.";2005;299;60,9;1939
284;"Lester Young";"Six Cats and a Prince";1;2;"ts";"SWING";"FUNCTIONAL";"ORIGINAL";"SWING";220,1;"UP";"Bb-maj";"4/4";"1944-03-22";"Clayton";"A8A8B8A8";"";"Membran Music Ltd.";2005;310;69,8;1944
285;"Lionel Hampton";"Avalon";1;1;"vib";"SWING";"FUNCTIONAL";"GREAT AMERICAN SONGBOOK";"SWING";241;"UP";"Eb-maj";"4/4";"1937-02-03";"Jolson/Rose";"A8A8B8A8";"";"History/This is Music";1998;151;32;1937
286;"Lionel Hampton";"Dinah";1;2;"vib";"SWING";"FUNCTIONAL";"GREAT AMERICAN SONGBOOK";"SWING";199,5;"UP";"Ab-maj";"4/4";"1939-12-21";"Sam M. Lewis, Joe Youg, Harry Akst";"A8A8B8A8";"";"History/This is Music";1989;311;77,2;1939
287;"Lionel Hampton";"High Society";1;1;"vib";"SWING";"FUNCTIONAL";"GREAT AMERICAN SONGBOOK";"SWING";245,1;"UP";"Eb-maj";"4/4";"1939-04-03";"Porter Steele, Walter Melrose";"A16B16";"";"History/This is Music";1989;170;30,2;1939
288;"Lionel Hampton";"Memories of You";1;1;"vib";"SWING";"FUNCTIONAL";"GREAT AMERICAN SONGBOOK";"SWING";81,8;"MEDIUM SLOW";"Eb-maj";"4/4";"1939-06-13";"Andy Razaf, Eubie Blake";"A8A8B88";"";"History/This is Music";1989;378;93,5;1939
289;"Lionel Hampton";"Runnin' Wild";1;1;"vib";"SWING";"FUNCTIONAL";"GREAT AMERICAN SONGBOOK";"SWING";281,1;"UP";"Bb-maj";"4/4";"1937-02-03";"Grey/Wood/Gibs";"A8A8B8B8";"";"History/This is Music";1998;164;26,3;1937
290;"Lionel Hampton";"Whispering";1;1;"vib";"SWING";"FUNCTIONAL";"GREAT AMERICAN SONGBOOK";"SWING";99,5;"MEDIUM SLOW";"Eb-maj";"4/4";"1936-12-02";"Schonberger/Coburn/Rose";"A16B16";"";"History/This is Music";1998;152;38,2;1936
291;"Louis Armstrong";"Basin Street Blues";1;3;"tp";"TRADITIONAL";"BLUES";"GREAT AMERICAN SONGBOOK";"TWOBEAT";107,2;"MEDIUM SLOW";"Bb-maj";"4/4";"1928-12-04";"Williams";"A12";"Blues";"Giants of Jazz";1990;219;67,2;1928
292;"Louis Armstrong";"Big Butter and Egg Man";1;1;"cor";"TRADITIONAL";"FUNCTIONAL";"ORIGINAL";"TWOBEAT";196,7;"UP";"G-maj";"4/4";"1926-11-16";"Percy Venable";"A32";"";"Pendragon Press, New York";2007;173;40,1;1926
293;"Louis Armstrong";"Cornet Chop Suey";1;1;"cor";"TRADITIONAL";"FUNCTIONAL";"ORIGINAL";"TWOBEAT";192,2;"UP";"F-maj";"4/4";"1926-02-26";"Louis Armstrong";"A16";"";"Pendragon Press, New York";2007;92;19,4;1926
294;"Louis Armstrong";"Got No Blues";1;2;"cor";"TRADITIONAL";"FUNCTIONAL";"ORIGINAL";"TWOBEAT";142,8;"MEDIUM UP";"F-maj";"4/4";"1927-12-09";"Lillian Hardin";"A8B8";"";"Pendragon Press, New York";2007;192;57,2;1927
295;"Louis Armstrong";"Gut Bucket Blues";1;1;"cor";"TRADITIONAL";"BLUES";"ORIGINAL";"TWOBEAT";146;"MEDIUM UP";"C-maj";"4/4";"1925-11-12";"Louis Armstrong";"A12";"Blues";"Pendragon Press, New York";2007;48;20,7;1925
296;"Louis Armstrong";"Muskrat Ramble";1;1;"cor";"TRADITIONAL";"FUNCTIONAL";"ORIGINAL";"TWOBEAT";183,7;"UP";"Ab-maj";"4/4";"1926-06-16";"Edward Ory";"A16";"";"Pendragon Press, New York";2007;81;21,7;1926
297;"Louis Armstrong";"Once in a While";1;1;"cor";"TRADITIONAL";"FUNCTIONAL";"GREAT AMERICAN SONGBOOK";"TWOBEAT";197,7;"UP";"F-maj";"4/4";"1927-12-10";"William H. Butler";"A16";"";"Pendragon Press, New York";2007;193;40,6;1927
298;"Louis Armstrong";"Savoy Blues";1;2;"cor";"TRADITIONAL";"BLUES";"ORIGINAL";"TWOBEAT";129,3;"MEDIUM";"G-maj";"4/4";"1927-12-13";"Edward Ory";"A12";"Blues";"Pendragon Press, New York";2007;159;44,2;1927
299;"Michael Brecker";"Cabin Fever";1;16;"ts";"POSTBOP";"BLUES";"ORIGINAL";"SWING";299,9;"UP";"Bb-maj";"4/4";"1996";"Michael Brecker";"A12";"Blues";"Impulse! Records";1996;1122;154,5;1996
300;"Michael Brecker";"Confirmation";1;7;"ts";"POSTBOP";"FUNCTIONAL";"ORIGINAL";"SWING";208,9;"UP";"F-maj";"4/4";"1981";"Charlie Parker";"A8A8B8A8";"";"Stretch Records";1981;1640;262,9;1981
301;"Michael Brecker";"Delta City Blues";1;4;"ts";"POSTBOP";"BLUES";"ORIGINAL";"SWING";281,7;"UP";"Bb-maj";"4/4";"1998";"Michael Brecker";"A24";"Blues";"Impulse! Records";1998;521;83,8;1998
302;"Michael Brecker";"I Mean You";1;2;"ts";"POSTBOP";"FUNCTIONAL";"ORIGINAL";"SWING";180;"UP";"F-maj";"4/4";"12-14.04.1995";"Hawkins/Monk";"A8A8B8A8";"";"Impulse! Records";1995;551;84,9;1995
303;"Michael Brecker";"Midnight Voyage";1;2;"ts";"POSTBOP";"COLOR";"ORIGINAL";"SWING";125,6;"MEDIUM";"C-min";"4/4";"1996";"Joey Calderazzo";"A8A8B16A8";"";"impulse";1996;589;153,9;1996
304;"Michael Brecker";"Naked Soul";1;2;"ts";"POSTBOP";"COLOR";"ORIGINAL";"SWING";92,4;"MEDIUM SLOW";"";"4/4";"1996";"Michael Brecker";"A8B8C8D8";"";"Impulse! Records";1996;771;166,5;1996
305;"Michael Brecker";"Never Alone";1;1;"ts";"POSTBOP";"COLOR";"ORIGINAL";"BALLAD";48,8;"SLOW";"Ab";"4/4";"1990";"Michael Brecker";"A20B25";"";"GPR Records";1990;323;90,7;1990
306;"Michael Brecker";"Nothing Personal";1;5;"ts";"POSTBOP";"BLUES";"ORIGINAL";"SWING";243,8;"UP";"G-min";"4/4";"1987";"Grolnick";"A12";"Blues";"Impulse! Records";1987;672;118,6;1987
307;"Michael Brecker";"Peep";1;4;"ts";"POSTBOP";"COLOR";"ORIGINAL";"SWING";319,7;"UP";"";"4/4";"1990";"Brecker";"A38B34C8";"";"GRP Records / Stretch Records";1990;1010;146,2;1990
308;"Michael Brecker";"Song for Bilbao";1;2;"ts";"POSTBOP";"COLOR";"ORIGINAL";"SWING";184,1;"UP";"C-maj";"";"1996";"Pat Metheny";"A8A8B4A8";"";"Impulse! Records";1996;402;71,5;1996
309;"Miles Davis";"Agitation";1;5;"tp";"POSTBOP";"MODAL";"ORIGINAL";"SWING";252,8;"UP";"";"4/4";"20.22.01.1965";"M. Davis";"A4A4B4A4A4B4A4";"";"Columbia";1965;432;106,1;1965
310;"Miles Davis";"Airegin";1;3;"tp";"HARDBOP";"FUNCTIONAL";"ORIGINAL";"SWING";241,3;"UP";"Ab-maj";"4/4";"1954-06-29";"Sonny Rollins";"A8B12A8C8";"";"Prestige";1980;431;109;1954
311;"Miles Davis";"Bitches Brew";1;1;"tp";"FUSION";"COLOR";"ORIGINAL";"FUNK";97,5;"MEDIUM SLOW";"C-chrom";"4/4";"1969-08-19";"Miles Davis";"open";"";"CBS";1992;261;146,8;1969
312;"Miles Davis";"Bitches Brew";2;1;"tp";"FUSION";"COLOR";"ORIGINAL";"FUNK";99,6;"MEDIUM SLOW";"C-chrom";"4/4";"1969-08-19";"Miles Davis";"open";"";"CBS";1992;303;152,6;1969
313;"Miles Davis";"Blues by Five";1;8;"tp";"HARDBOP";"BLUES";"ORIGINAL";"SWING";177,9;"MEDIUM UP";"Bb-maj";"4/4";"1956-10-26";"Red Garland";"A12";"Blues";"Prestige";2007;371;130,6;1956
314;"Miles Davis";"Dolores";1;5;"tp";"POSTBOP";"COLOR";"ORIGINAL";"SWING";274,6;"UP";"";"4/4";"24-25.10.1966";"Shorter";"A8B6A8";"";"Columbia";1967;464;80,5;1966
315;"Miles Davis";"E.S.P.";1;6;"tp";"POSTBOP";"COLOR";"ORIGINAL";"SWING";291,4;"UP";"F-maj";"4/4";"September 1964?";"Shorter/Davis";"A16A16";"";"Columbia";1991;865;159,6;1964
316;"Miles Davis";"Eighty-One";1;6;"tp";"POSTBOP";"BLUES";"ORIGINAL";"SWING";138,3;"MEDIUM";"F-maj";"4/4";"September 1964?";"Carter/Davis";"A12";"Blues";"Columbia";1991;373;125,4;1964
317;"Miles Davis";"K.C. Blues";1;2;"tp";"BEBOP";"BLUES";"ORIGINAL";"SWING";120,1;"MEDIUM";"C-maj";"4/4";"1951-01-17";"Parker";"A12";"Blues";"Proper Records";2002;116;48,3;1951
318;"Miles Davis";"Miles Runs the Voodoo Down";1;1;"tp";"FUSION";"COLOR";"ORIGINAL";"FUNK";118,3;"MEDIUM";"F-maj";"4/4";"1969-08-20";"Miles Davis";"open";"";"CBS";1992;525;212,5;1969
319;"Miles Davis";"Miles Runs the Voodoo Down";2;1;"tp";"FUSION";"COLOR";"ORIGINAL";"FUNK";117,9;"MEDIUM";"F-maj";"4/4";"1969-08-20";"Miles Davis";"open";"";"CBS";1992;297;171,9;1969
320;"Miles Davis";"Oleo";1;2;"tp";"HARDBOP";"FUNCTIONAL";"ORIGINAL";"SWING";271,1;"UP";"Bb-maj";"4/4";"1956-10-26";"Sonny Rollins";"A8A8B8A8";"I Got Rhythm";"Prestige";1958;224;56,4;1956
321;"Miles Davis";"Oleo";2;2;"tp";"HARDBOP";"FUNCTIONAL";"ORIGINAL";"SWING";268;"UP";"Bb-maj";"4/4";"1956-10-26";"Sonny Rollins";"A8A8B8A8";"I Got Rhythm";"Prestige";1958;223;55,3;1956
322;"Miles Davis";"Orbits";1;1;"tp";"POSTBOP";"COLOR";"ORIGINAL";"SWING";264,3;"UP";"";"4/4";"24-25.10.1966";"Shorter";"open";"";"Columbia";1967;342;68,9;1966
323;"Miles Davis";"So What";1;2;"tp";"POSTBOP";"MODAL";"ORIGINAL";"SWING";138,5;"MEDIUM";"D-maj";"4/4";"1959-03-02";"Davis/Evans";"A8A8B8A8";"So What";"CBS";1962;221;112,1;1959
324;"Miles Davis";"Trane's Blues";1;5;"tp";"HARDBOP";"BLUES";"ORIGINAL";"SWING";164;"MEDIUM UP";"Bb-maj";"4/4";"1956-05-11";"John Coltrane";"A12";"Blues";"Giants of Jazz";1990;262;105,8;1956
325;"Miles Davis";"Tune Up";1;3;"tp";"HARDBOP";"FUNCTIONAL";"ORIGINAL";"SWING";281,5;"UP";"D-maj";"4/4";"1953-03-19";"Miles Davis";"A16B16";"";"";NA;409;82,7;1953
326;"Miles Davis";"Vierd Blues";1;3;"tp";"HARDBOP";"BLUES";"ORIGINAL";"SWING";114,7;"MEDIUM";"Bb-maj";"4/4";"1956-03-16";"";"A12";"Blues";"Prestige";1992;157;100,2;1956
327;"Miles Davis";"Walkin'";1;7;"tp";"HARDBOP";"BLUES";"ORIGINAL";"SWING";127,7;"MEDIUM";"F-maj";"4/4";"1954-04-29";"Miles Davis/Richard Carpenter";"A12";"Blues";"Prestige";1957;458;159,4;1954
328;"Milt Jackson";"All the Things You Are";1;1;"vib";"COOL";"FUNCTIONAL";"GREAT AMERICAN SONGBOOK";"SWING";166,9;"MEDIUM UP";"Ab-maj";"4/4";"1952-12-22";"J. Kern, O. Hammerstein";"A8B8C8D12";"";"Membran International";2005;277;55,1;1952
329;"Milt Jackson";"Bag's Groove";1;2;"vib";"BEBOP";"BLUES";"ORIGINAL";"SWING";175,1;"MEDIUM UP";"F-maj";"4/4";"1952-04-07";"Milt Jackson";"A12";"Blues";"Membran International";2005;198;34,7;1952
330;"Milt Jackson";"Bemsha Swing";1;5;"vib";"COOL";"FUNCTIONAL";"ORIGINAL";"SWING";152,3;"MEDIUM UP";"C-maj";"4/4";"1954-12-24";"Thelonious Monk, Denzil Best";"A8B8";"";"Quadromania";2005;548;127,1;1954
331;"Milt Jackson";"Don't Get Around Much Anymore";1;1;"vib";"BEBOP";"FUNCTIONAL";"GREAT AMERICAN SONGBOOK";"SWING";182,6;"UP";"C-maj";"4/4";"1952-04-07";"Ellington/Russel";"A8A8B8A8";"";"Membran International";2005;244;42,1;1952
332;"Milt Jackson";"Softly as in a Morning Sunrise";1;3;"vib";"COOL";"MODAL";"GREAT AMERICAN SONGBOOK";"SWING";137,3;"MEDIUM";"C-min";"4/4";"1955-07-02";"S. Romberg/O. Hammerstein";"A8A8B8A8";"";"Membran International";2005;844;171,3;1955
333;"Milt Jackson";"What's New";1;1;"vib";"BEBOP";"FUNCTIONAL";"GREAT AMERICAN SONGBOOK";"SWING";71,5;"SLOW";"C-maj";"4/4";"1952-04-07";"Haggart/Burke";"B8A8";"";"Membran International";2005;191;49;1952
334;"Nat Adderley";"Bohemia After Dark";1;3;"tp";"HARDBOP";"FUNCTIONAL";"ORIGINAL";"SWING";295,4;"UP";"G-min";"4/4";"18. + 20.10.1959";"Oscar Pettiford";"A8A8B8A8";"";"Riverside";1989;378;74,9;1959
335;"Nat Adderley";"Work Song";1;3;"tp";"HARDBOP";"FUNCTIONAL";"ORIGINAL";"SWING";155,4;"MEDIUM UP";"F-min";"4/4";"1960-02-01";"Nat Adderley";"A16";"";"Giants of Jazz";1993;270;74,7;1960
336;"Ornette Coleman";"Bird Food";1;1;"as";"FREE";"FREE";"ORIGINAL";"SWING";255,8;"UP";"";"";"8-9.10.1959";"Coleman";"open";"";"Atlantic Records";1992;608;117,6;1959
337;"Ornette Coleman";"Chronology";1;1;"as";"FREE";"FREE";"ORIGINAL";"SWING";236;"UP";"";"";"1959-05-22";"Coleman";"open";"";"Atlantic Records";1959;668;161,5;1959
338;"Ornette Coleman";"Congeniality";1;1;"as";"FREE";"FREE";"ORIGINAL";"SWING";232,6;"UP";"";"";"1959-05-22";"Coleman";"open";"";"Atlantic Records";1959;677;167,2;1959
339;"Ornette Coleman";"Peace";1;1;"as";"FREE";"FREE";"ORIGINAL";"SWING";125,7;"MEDIUM";"";"";"1959-05-22";"Coleman";"open";"";"Atlantic Records";1959;430;166;1959
340;"Ornette Coleman";"Ramblin'";1;1;"as";"FREE";"FREE";"ORIGINAL";"SWING";201,3;"UP";"";"";"8-9.10.1959";"Coleman";"open";"";"Atlantic Records";1992;474;134,1;1959
341;"Pat Martino";"Along Came Betty";1;2;"g";"POSTBOP";"FUNCTIONAL";"ORIGINAL";"LATIN";132,7;"MEDIUM";"Ab-maj";"4/4";"1974-07-10";"Benny Golson";"A16B8C8";"";"Muse Records";1989;851;122,5;1974
342;"Pat Metheny";"All the Things You Are";1;6;"g";"POSTBOP";"FUNCTIONAL";"GREAT AMERICAN SONGBOOK";"SWING";306,7;"UP";"F-maj";"4/4";"1989-12-21";"J. Kern, O. Hammerstein";"A8B8C8D12";"";"Geffen Records";1990;1093;171,7;1989
343;"Pat Metheny";"Cabin Fever";1;8;"g";"POSTBOP";"BLUES";"ORIGINAL";"SWING";308,1;"UP";"Bb-maj";"4/4";"1996";"Michael Brecker";"A12";"Blues";"Impulse! Records";1996;450;72;1996
344;"Pat Metheny";"Midnight Voyage";1;1;"g";"POSTBOP";"COLOR";"ORIGINAL";"SWING";127,7;"MEDIUM";"C-min";"4/4";"1996";"Joey Calderazzo";"A8A8B16A8";"";"Impulse! Records";1996;415;75,5;1996
345;"Pat Metheny";"Nothing Personal";1;3;"g";"POSTBOP";"BLUES";"ORIGINAL";"SWING";242,1;"UP";"G-min";"4/4";"1987";"Grolnick";"A12";"Blues";"Impulse! Records";1987;416;73,5;1987
346;"Paul Desmond";"Alianca";1;2;"as";"COOL";"FUNCTIONAL";"ORIGINAL";"LATIN";232,7;"UP";"Bb-maj";"4/4";"1964-07-30";"Paul Desmond";"A16B16";"";"Rca Victor";1999;203;67,5;1964
347;"Paul Desmond";"Alianca";2;1;"as";"COOL";"FUNCTIONAL";"ORIGINAL";"LATIN";235,9;"UP";"Bb-maj";"4/4";"1964-07-30";"Paul Desmond";"A16B16";"";"Rca Victor";1999;102;31,1;1964
348;"Paul Desmond";"Alone Together";1;3;"as";"COOL";"FUNCTIONAL";"GREAT AMERICAN SONGBOOK";"SWING";199,9;"UP";"C-min";"4/4";"1963-06-12";"";"A14A14B8A8";"";"Rca Victor";NA;577;160,3;1963
349;"Paul Desmond";"Blue Rondo a la Turk";1;4;"as";"COOL";"BLUES";"ORIGINAL";"SWING";117,1;"MEDIUM";"F-maj";"4/4";"25 Juni - 18. August 1959";"Dave Brubeck";"A12";"Blues";"Columbia Records";1959;343;98;1959
350;"Paul Desmond";"Bossa Antigua";1;2;"as";"COOL";"FUNCTIONAL";"ORIGINAL";"LATIN";191,6;"UP";"Ab-maj";"4/4";"1964-07-28";"Paul Desmond";"A8B8C8A8";"";"Rca Victor";1999;253;80,2;1964
351;"Paul Desmond";"Samba Cantina";1;2;"as";"COOL";"FUNCTIONAL";"ORIGINAL";"LATIN";150,8;"MEDIUM UP";"F-min";"4/4";"1964-07-28";"Paul Desmond";"A16B16";"";"Rca Victor";1999;292;103,5;1964
352;"Paul Desmond";"Samba Cantina";2;1;"as";"COOL";"FUNCTIONAL";"ORIGINAL";"LATIN";152,7;"MEDIUM UP";"F-min";"4/4";"1964-07-28";"Paul Desmond";"A16B16";"";"Rca Victor";1999;127;48,7;1964
353;"Paul Desmond";"The Girl from East 9th Street";1;2;"as";"COOL";"FUNCTIONAL";"ORIGINAL";"LATIN";142,1;"MEDIUM UP";"Ab-maj";"4/4";"1964-08-20";"Paul Desmond";"A8B8A8B8";"";"Rca Victor";1999;272;108,8;1964
354;"Pepper Adams";"A Night in Tunisia";1;2;"bs";"HARDBOP";"FUNCTIONAL";"ORIGINAL";"LATIN";127,7;"MEDIUM";"D-min";"4/4";"1957-09-29";"Dizzie Gillespie";"A8A8B8A8";"";"Blue Note";1958;863;118,3;1957
355;"Pepper Adams";"Early Morning Mood";1;3;"bs";"HARDBOP";"BLUES";"ORIGINAL";"SWING";59,8;"SLOW";"G-maj";"4/4";"1958-12-30";"Chet Baker";"A12";"Blues";"Riverside Records";1959;366;95,9;1958
356;"Pepper Adams";"How High the Moon";1;1;"bs";"HARDBOP";"FUNCTIONAL";"GREAT AMERICAN SONGBOOK";"SWING";115,7;"MEDIUM";"G-maj";"4/4";"1958-12-30";"Hamilton/Lewis";"A16B16";"";"Riverside Records";1959;196;33;1958
357;"Pepper Adams";"Just One of Those Things";1;2;"bs";"HARDBOP";"FUNCTIONAL";"GREAT AMERICAN SONGBOOK";"SWING";314;"UP";"F-maj";"4/4";"1957-09-29";"Cole Porter";"A16A16B16A16";"";"Blue Note";1958;778;100,5;1957
358;"Pepper Adams";"You'd Be So Nice to Come Home to";1;1;"bs";"HARDBOP";"FUNCTIONAL";"GREAT AMERICAN SONGBOOK";"SWING";88,6;"MEDIUM SLOW";"C-maj";"4/4";"1958-12-30";"Cole Porter";"A16B16";"";"Riverside Records";1959;140;43,3;1958
359;"Phil Woods";"Be My Love";1;3;"as";"BEBOP";"FUNCTIONAL";"GREAT AMERICAN SONGBOOK";"SWING";218;"UP";"F-maj";"4/4";"1955-11-25";"Nicholas Brodzky";"A8B8A8C12";"";"Membran Music Ltd.";2004;712;121,1;1955
360;"Phil Woods";"Cotton Tail";1;1;"as";"BEBOP";"FUNCTIONAL";"GREAT AMERICAN SONGBOOK";"SWING";241,5;"UP";"Bb-maj";"4/4";"1961-11-15";"Duke Ellington";"A8A8B8A8";"I Got Rhythm";"Impulse! Records";1997;200;30,8;1961
361;"Phil Woods";"Crazy Rhythm";1;1;"as";"BEBOP";"FUNCTIONAL";"GREAT AMERICAN SONGBOOK";"SWING";236,2;"UP";"F-maj";"4/4";"1961-11-15";"Meyer, Kahn, Caesar";"A8A8B8A8";"";"Impulse! Records";1997;183;33,4;1961
362;"Phil Woods";"Honeysuckle Rose";1;1;"as";"BEBOP";"FUNCTIONAL";"GREAT AMERICAN SONGBOOK";"SWING";233,3;"UP";"F-maj";"4/4";"1961-11-15";"Razaf/Waller";"A8A8B8A8";"";"Impulse! Records";1997;239;32,9;1961
363;"Phil Woods";"On a Slow Boat to China";1;4;"as";"BEBOP";"FUNCTIONAL";"GREAT AMERICAN SONGBOOK";"SWING";242,6;"UP";"Bb-maj";"4/4";"1955-11-25";"Frank Loesser";"A16B16";"";"Membran Music Ltd.";2004;847;129,1;1955
364;"Phil Woods";"Strollin' with Pam";1;7;"as";"BEBOP";"BLUES";"ORIGINAL";"SWING";138,9;"MEDIUM";"Eb-maj";"4/4";"1955-11-25";"";"A12";"Blues";"Membran Music Ltd";2004;621;147,3;1955
365;"Red Garland";"Oleo";1;2;"p";"HARDBOP";"FUNCTIONAL";"ORIGINAL";"SWING";264,9;"UP";"Bb-maj";"4/4";"1956-10-26";"Sonny Rollins";"A8A8B8A8";"I Got Rhythm";"Prestige";1958;380;59,4;1956
366;"Rex Stewart";"Perdido";1;2;"cor";"SWING";"FUNCTIONAL";"GREAT AMERICAN SONGBOOK";"SWING";177,8;"MEDIUM UP";"Bb-maj";"4/4";"1950";"Tizol";"A8A8B8A8";"";"Membran Music Ltd.";2005;277;87;1950
367;"Roy Eldridge";"Body and Soul";1;1;"tp";"SWING";"FUNCTIONAL";"GREAT AMERICAN SONGBOOK";"SWING";107;"MEDIUM SLOW";"Db-maj";"4/4";"1938-11-11";"Heyman, Sour, Eyton, Green";"A8A8B8A8";"";"Classic Records";1994;313;76,7;1938
368;"Roy Eldridge";"King David";1;2;"tp";"SWING";"BLUES";"ORIGINAL";"SWING";149,8;"MEDIUM UP";"Bb-maj";"4/4";"1950-06-08";"Roy Eldridge";"A12";"Blues";"Membran Music Ltd.";2005;115;38;1950
369;"Roy Eldridge";"St. Louis Blues";1;1;"tp";"SWING";"BLUES";"GREAT AMERICAN SONGBOOK";"SWING";361,3;"UP";"G-maj";"4/4";"1944-10-13";"W.C. Handy";"A12A12B8A12";"Blues";"History - (Trumpets of Jericho)s";NA;275;34,6;1944
370;"Roy Eldridge";"The Gasser";1;2;"tp";"SWING";"FUNCTIONAL";"ORIGINAL";"SWING";231,3;"UP";"Ab-maj";"4/4";"1943-11-16";"Eldridge";"A8B8";"";"History - (Trumpets of Jericho)s";NA;418;71,1;1943
371;"Roy Eldridge";"The Gasser";2;2;"tp";"SWING";"FUNCTIONAL";"ORIGINAL";"SWING";237,7;"UP";"Ab-maj";"4/4";"1943-11-16";"Eldridge";"A8B8";"";"History - (Trumpets of Jericho)s";NA;305;66,1;1943
372;"Roy Eldridge";"Undecided";1;2;"tp";"SWING";"FUNCTIONAL";"GREAT AMERICAN SONGBOOK";"SWING";243,6;"UP";"Bb-maj";"4/4";"1950-06-08";"Robbin-Shavers";"A16B8A8";"";"Membran Music Ltd.";2005;322;63,2;1950
373;"Sidney Bechet";"Baby Won't You Please Come Home";1;1;"ss";"TRADITIONAL";"FUNCTIONAL";"GREAT AMERICAN SONGBOOK";"TWOBEAT";207;"UP";"Bb-maj";"4/4";"1941-04-02";"Warfield, Wiliams";"A8B8";"";"Trumpets of Jericho Ltd.";NA;100;21,2;1941
374;"Sidney Bechet";"I'm Coming Virginia";1;1;"ss";"TRADITIONAL";"FUNCTIONAL";"GREAT AMERICAN SONGBOOK";"TWOBEAT";192,8;"UP";"F-maj";"4/4";"1941-09-13";"Heywood";"A8B8C8";"";"Trumpets of Jericho Ltd.";NA;105;29,7;1941
375;"Sidney Bechet";"Limehouse Blues";1;1;"ss";"TRADITIONAL";"FUNCTIONAL";"GREAT AMERICAN SONGBOOK";"TWOBEAT";273,6;"UP";"Ab-maj";"4/4";"1941-09-13";"Braham, Furber";"A16B16C16D16";"";"Trumpets of Jericho Ltd.";NA;231;31,4;1941
376;"Sidney Bechet";"Really the Blues";1;2;"ss";"TRADITIONAL";"BLUES";"ORIGINAL";"TWOBEAT";70,6;"SLOW";"Bb-maj";"4/4";"1938-11-28";"Mezzrow";"A12";"Blues";"Trumpets of Jericho Ltd.";NA;254;81,3;1938
377;"Sidney Bechet";"Summertime";1;4;"ss";"TRADITIONAL";"FUNCTIONAL";"GREAT AMERICAN SONGBOOK";"TWOBEAT";84,2;"MEDIUM SLOW";"G-min";"4/4";"1938-06-08";"Gershwin";"A8B8";"";"Trumpets of Jericho Ltd.";NA;388;189,1;1938
378;"Sonny Rollins";"Airegin";1;3;"ts";"HARDBOP";"FUNCTIONAL";"ORIGINAL";"SWING";242,6;"UP";"Ab-maj";"4/4";"1954-06-29";"Sonny Rollins";"A8B12A8C8";"";"Prestige";1980;552;105,3;1954
379;"Sonny Rollins";"Blue Seven";1;5;"ts";"HARDBOP";"BLUES";"ORIGINAL";"SWING";134,6;"MEDIUM";"Bb-maj";"4/4";"1956-06-22";"Sonny Rollins";"A12";"Blues";"CD Company Italy";1990;353;109,7;1956
380;"Sonny Rollins";"Blue Seven";2;2;"ts";"HARDBOP";"BLUES";"ORIGINAL";"SWING";137,6;"MEDIUM";"Bb-maj";"4/4";"1956-06-22";"Sonny Rollins";"A12";"Blues";"CD Company Italy";1990;135;38,4;1956
381;"Sonny Rollins";"Blue Seven";3;2;"ts";"HARDBOP";"BLUES";"ORIGINAL";"SWING";133,3;"MEDIUM";"Bb-maj";"4/4";"1956-06-22";"Sonny Rollins";"A12";"Blues";"CD Company Italy";1990;178;46,1;1956
382;"Sonny Rollins";"I'll Remember April";1;2;"ts";"HARDBOP";"FUNCTIONAL";"GREAT AMERICAN SONGBOOK";"SWING";294;"UP";"G-maj";"4/4";"1956-02-16";"Raye/DePaul/Johnston";"A16B16A16";"";"EmArcy";1991;461;77,4;1956
383;"Sonny Rollins";"Playin' in the Yard";1;1;"ts";"FUSION";"FUNCTIONAL";"ORIGINAL";"FUNK";155,2;"MEDIUM UP";"G-maj";"4/4";"1972";"";"A16";"";"Milestone";1972;266;75,2;1972
384;"Sonny Rollins";"Playin' in the Yard";2;1;"ts";"FUSION";"FUNCTIONAL";"ORIGINAL";"FUNK";159,4;"MEDIUM UP";"G-maj";"4/4";"1972";"";"A16";"";"Milestone";1972;164;54,5;1972
385;"Sonny Rollins";"St. Thomas";1;5;"ts";"HARDBOP";"FUNCTIONAL";"ORIGINAL";"LATIN";207;"UP";"C-maj";"4/4";"1956-06-22";"Sonny Rollins";"A16";"";"Prestige";1987;435;92,5;1956
386;"Sonny Rollins";"St. Thomas";2;4;"ts";"HARDBOP";"FUNCTIONAL";"ORIGINAL";"LATIN";224,1;"UP";"C-maj";"4/4";"1956-06-22";"Sonny Rollins";"A16";"";"Prestige";1987;366;69;1956
387;"Sonny Rollins";"Tenor Madness";1;8;"ts";"HARDBOP";"BLUES";"ORIGINAL";"SWING";175,6;"MEDIUM UP";"Bb-maj";"4/4";"1956-06-22";"Sonny Rollins";"A12";"Blues";"CD Company Italy";1990;507;130,6;1956
388;"Sonny Rollins";"The Everywhere Calypso";1;13;"ts";"POSTBOP";"FUNCTIONAL";"ORIGINAL";"LATIN";192,6;"UP";"C-maj";"4/4";"1972";"";"A12";"";"Milestone";1972;601;131,4;1972
389;"Sonny Rollins";"The Everywhere Calypso";2;19;"ts";"POSTBOP";"FUNCTIONAL";"ORIGINAL";"LATIN";197,2;"UP";"C-maj";"4/4";"1972";"";"A12";"";"Milestone";1972;949;186,3;1972
390;"Sonny Rollins";"Vierd Blues";1;6;"ts";"HARDBOP";"BLUES";"ORIGINAL";"SWING";114,4;"MEDIUM";"Bb-maj";"4/4";"1956-03-16";"";"A12";"Blues";"Prestige";1992;432;148,8;1956
391;"Sonny Stitt";"Blue Mode";1;1;"ts";"BEBOP";"BLUES";"ORIGINAL";"SWING";60,7;"SLOW";"Bb-maj";"4/4";"1949-10-17";"J.J. Johnson";"A12";"Blues";"Membran Music Ltd.";2005;353;94,1;1949
392;"Sonny Stitt";"Blues in Be-Bop";1;2;"as";"BEBOP";"BLUES";"ORIGINAL";"SWING";185,8;"UP";"Eb-maj";"4/4";"1946-09-04";"McKinley/Dorham";"A12";"Blues";"Membran Music Ltd.";2005;127;29;1946
393;"Sonny Stitt";"Body and Soul";1;1;"as";"BEBOP";"FUNCTIONAL";"GREAT AMERICAN SONGBOOK";"BALLAD";67,7;"SLOW";"Db-maj";"4/4";"1948-06-01";"Heyman, Sour, Eyton, Green";"A8A8B8A8";"";"Membran Music Ltd.";2005;469;123,5;1948
394;"Sonny Stitt";"Elora";1;1;"ts";"BEBOP";"FUNCTIONAL";"ORIGINAL";"SWING";192,7;"UP";"Bb-maj";"4/4";"1949-10-17";"J.J. Johnson";"A8A8B8C8";"";"Membran Music Ltd.";2005;226;38,7;1949
395;"Sonny Stitt";"Good Kick";1;3;"as";"BEBOP";"FUNCTIONAL";"ORIGINAL";"SWING";173,4;"MEDIUM UP";"F-maj";"4/4";"1946-09-04";"Stitt";"A8A8B8A8";"";"Membran Music Ltd.";2005;235;42,7;1946
396;"Sonny Stitt";"Teapot";1;2;"ts";"BEBOP";"FUNCTIONAL";"ORIGINAL";"SWING";167,9;"MEDIUM UP";"F-maj";"4/4";"1949-10-17";"J.J. Johnson";"A8B8";"";"Membran Music Ltd.";2005;349;49,3;1949
397;"Stan Getz";"Blues in the Closet";1;16;"ts";"COOL";"BLUES";"ORIGINAL";"SWING";242,5;"UP";"Bb-maj";"4/4";"1957-09-29";"Pettiford";"A12";"Blues";"Polydor K.K";1995;905;187,7;1957
398;"Stan Getz";"Body and Soul";1;2;"ts";"COOL";"FUNCTIONAL";"GREAT AMERICAN SONGBOOK";"SWING";63,4;"SLOW";"Db-maj";"4/4";"1964";"Heyman, Sour, Eyton, Green";"A8A8B8A8";"";"Verve Records";1992;571;180,1;1964
399;"Stan Getz";"Crazy Rhythm";1;8;"ts";"COOL";"FUNCTIONAL";"GREAT AMERICAN SONGBOOK";"SWING";287,9;"UP";"F-maj";"4/4";"1957-09-29";"Meyer, Kahn, Caesar";"A8A8B8A8";"";"Polydor K.K";1995;1233;212,7;1957
400;"Stan Getz";"I'm Glad There Is You";1;1;"ts";"COOL";"FUNCTIONAL";"GREAT AMERICAN SONGBOOK";"SWING";67;"SLOW";"C#-maj";"4/4";"1957-10-10";"Paul Madeira, Jimmy Dorsey";"A8A8";"";"Universal";2006;187;62,9;1957
401;"Stan Getz";"Insensatez";1;1;"ts";"COOL";"FUNCTIONAL";"ORIGINAL";"LATIN";128,2;"MEDIUM";"A-min";"4/4";"1963-02-08";"Antonio Carlos Jobim, Vinicius De Moraes";"A8B8C8D8";"";"Universal";2006;155;61,2;1963
402;"Stan Getz";"My Funny Valentine";1;3;"ts";"COOL";"FUNCTIONAL";"GREAT AMERICAN SONGBOOK";"SWING";130,7;"MEDIUM";"F-min";"4/4";"1957-09-29";"Rodgers, Hart";"A8A8B8C12";"";"Polydor K.K";1995;654;199,1;1957
403;"Steve Coleman";"Cross-Fade";1;1;"as";"FUSION";"FREE";"ORIGINAL";"FUNK";144,8;"MEDIUM UP";"";"9/4";"1990-12-01";"Steve Coleman";"A4";"";"Novus";1991;129;44,8;1990
404;"Steve Coleman";"Cross-Fade";2;1;"as";"FUSION";"FREE";"ORIGINAL";"FUNK";145,9;"MEDIUM UP";"";"9/4";"1990-12-01";"Steve Coleman";"A4";"";"Novus";1991;78;14,8;1990
405;"Steve Coleman";"Double Vision";1;1;"ss";"POSTBOP";"COLOR";"ORIGINAL";"SWING";242,2;"UP";"";"4/4";"1985-06-06";"Dave Holland";"open";"";"ECM";1985;979;184,5;1985
406;"Steve Coleman";"Pass It On";1;2;"as";"FUSION";"MODAL";"ORIGINAL";"FUNK";104,9;"MEDIUM SLOW";"";"4/4";"1991-04-29";"Dave Holland";"A4A4B4A8";"";"Novus";1992;325;76,8;1991
407;"Steve Coleman";"Processional";1;3;"as";"POSTBOP";"COLOR";"ORIGINAL";"LATIN";103,9;"MEDIUM SLOW";"F-min";"5/4";"1989-09-01";"Dave Holland";"A12";"";"ECM";1990;477;104,9;1989
408;"Steve Coleman";"Segment";1;5;"as";"POSTBOP";"FUNCTIONAL";"ORIGINAL";"SWING";240;"UP";"Bb-min";"4/4";"1988-03-01";"Parker";"A8A8B8A8";"";"ECM";1988;983;163,5;1988
409;"Steve Coleman";"Slipped again";1;3;"as";"POSTBOP";"BLUES";"ORIGINAL";"SWING";131,6;"MEDIUM";"F-maj";"4/4";"1991-04-29";"Thad Jones";"A12";"Blues";"Novus";1992;262;65,3;1991
410;"Steve Coleman";"Take the Coltrane";1;14;"as";"POSTBOP";"BLUES";"ORIGINAL";"SWING";240;"UP";"F-maj";"4/4";"1988-03-01";"Duke Ellington";"A12";"Blues";"ECM Records";1988;1004;169,9;1988
411;"Steve Coleman";"The Oracle";1;1;"as";"POSTBOP";"FREE";"ORIGINAL";"LATIN";97,7;"MEDIUM SLOW";"Bb-min";"3/4";"1989-09-01";"Dave Holland";"open";"";"ECM";1990;551;174;1989
412;"Steve Coleman";"The Oracle";2;3;"as";"POSTBOP";"FREE";"ORIGINAL";"LATIN";104;"MEDIUM SLOW";"Bb-min";"3/4";"1989-09-01";"Dave Holland";"open";"";"ECM";1990;764;174,7;1989
413;"Steve Lacy";"Alone Together";1;1;"ss";"HARDBOP";"FUNCTIONAL";"GREAT AMERICAN SONGBOOK";"SWING";134,9;"MEDIUM";"D-maj";"4/4";"1957-11-01";"";"A14A14B8A8";"";"Giants of Jazz";1995;204;78,7;1957
414;"Steve Lacy";"Ask Me Now";1;1;"ss";"HARDBOP";"FUNCTIONAL";"ORIGINAL";"SWING";85,4;"MEDIUM SLOW";"Db-maj";"4/4";"1958-10-17";"Thelonious Monk";"A8A8B8A8";"";"Original Jazz Classics/Prestige New Jazz";1990;189;89;1958
415;"Steve Lacy";"Easy to Love";1;4;"ss";"HARDBOP";"FUNCTIONAL";"GREAT AMERICAN SONGBOOK";"SWING";166,3;"MEDIUM UP";"G-maj";"4/4";"1957-11-01";"Cole Porter";"A16A16";"";"Giants of Jazz";1995;697;187,7;1957
416;"Steve Lacy";"Let's Cool One";1;2;"ss";"HARDBOP";"FUNCTIONAL";"ORIGINAL";"SWING";132,2;"MEDIUM";"Eb-maj";"4/4";"1961-11-14";"Thelonious Monk";"A8A8B8A8";"";"Giants of Jazz";1995;352;115,2;1961
417;"Steve Lacy";"Skippy";1;3;"ss";"HARDBOP";"FUNCTIONAL";"ORIGINAL";"SWING";266,8;"UP";"Ab-maj";"4/4";"1958-10-17";"Thelonious Monk";"A16B16";"";"Original Jazz Classics/Prestige New Jazz";1990;582;86,6;1958
418;"Steve Lacy";"Work";1;2;"ss";"HARDBOP";"FUNCTIONAL";"ORIGINAL";"SWING";165,9;"MEDIUM UP";"";"4/4";"1957-11-01";"Thelonious Monk";"A8A8B8";"";"Giants of Jazz";1995;308;92,8;1957
419;"Steve Turre";"Dat Dere";1;3;"tb";"POSTBOP";"FUNCTIONAL";"ORIGINAL";"SWING";116;"MEDIUM";"C-min";"4/4";"1987-06-24";"O. Brown Jr./B. Timmons";"A8A8B8A8";"";"32 Jazz";1998;520;131,7;1987
420;"Steve Turre";"If I Were a Bell";1;2;"tb";"POSTBOP";"FUNCTIONAL";"GREAT AMERICAN SONGBOOK";"SWING";257,1;"UP";"F-maj";"4/4";"1987-06-24";"F. Loesser";"A16B16";"";"32 Jazz";1998;307;59,4;1987
421;"Steve Turre";"Steve's Blues";1;4;"tb";"POSTBOP";"BLUES";"ORIGINAL";"SWING";204,3;"UP";"F-maj";"4/4";"1987-06-24";"S. Turre";"A12";"Blues";"32 Jazz";1998;269;57,6;1987
422;"Von Freeman";"Pass It On";1;3;"ts";"FUSION";"MODAL";"ORIGINAL";"FUNK";105,9;"MEDIUM SLOW";"C-min";"4/4";"1991-04-29";"Dave Holland";"A4A4B4A8";"";"Novus";1992;461;103,4;1991
423;"Warne Marsh";"Crosscurrent";1;1;"ts";"COOL";"FUNCTIONAL";"ORIGINAL";"SWING";258,2;"UP";"F-maj";"4/4";"1949-03-04";"Lennie Tristano";"A8B8C8A8";"";"Membran Musc Ltd.";2005;196;29,4;1949
424;"Warne Marsh";"Tautology";1;2;"ts";"COOL";"FUNCTIONAL";"ORIGINAL";"SWING";269,9;"UP";"F-maj";"4/4";"1949-09-27";"Lee Konitz";"A8B8C8A8";"";"Quadromania";2005;370;56,5;1949
425;"Warne Marsh";"Wow";1;1;"ts";"COOL";"FUNCTIONAL";"ORIGINAL";"SWING";175,1;"MEDIUM UP";"F-maj";"4/4";"1949-03-04";"";"A8B8A8B8";"";"Membran Music Ltd.";2005;109;22;1949
426;"Wayne Shorter";"Adam's Apple";1;4;"ts";"POSTBOP";"COLOR";"ORIGINAL";"LATIN";174,4;"MEDIUM UP";"Ab-mix";"4/4";"1966-02-24";"Wayne Shorter";"A16B8";"";"Blue Note";1987;351;131,9;1966
427;"Wayne Shorter";"Dolores";1;3;"ts";"POSTBOP";"COLOR";"ORIGINAL";"SWING";277,4;"UP";"Db-chrom";"4/4";"24-25.10.1966";"Shorter";"A8B6A8";"";"Columbia";1967;418;73;1966
428;"Wayne Shorter";"Down Under";1;2;"ts";"HARDBOP";"BLUES";"ORIGINAL";"SWING";147,1;"MEDIUM UP";"F#-min";"4/4";"1961-10-02";"Freddie Hubbard";"A12";"Blues";"Blue Note";1997;273;46,4;1961
429;"Wayne Shorter";"E.S.P.";1;2;"ts";"POSTBOP";"COLOR";"ORIGINAL";"SWING";284,5;"UP";"F-maj";"4/4";"September 1964?";"Shorter/Davis";"A16A16";"";"Columbia";1991;360;54;1964
430;"Wayne Shorter";"Eighty-One";1;5;"ts";"POSTBOP";"BLUES";"ORIGINAL";"SWING";138,4;"MEDIUM";"F-maj";"4/4";"September 1964?";"Carter/Davis";"A12";"Blues";"Columbia";1991;375;102,3;1964
431;"Wayne Shorter";"Footprints";1;4;"ts";"POSTBOP";"BLUES";"ORIGINAL";"SWING";136,1;"MEDIUM";"C-min";"6/4";"1966-02-24";"Wayne Shorter";"A12";"Blues";"Blue Note";1987;440;127,4;1966
432;"Wayne Shorter";"Infant Eyes";1;1;"ts";"POSTBOP";"COLOR";"ORIGINAL";"BALLAD";51,3;"SLOW";"Eb-chrom";"4/4";"1964-12-24";"Shorter";"A9B9A9";"";"Blue Note";1988;157;126,7;1964
433;"Wayne Shorter";"Juju";1;7;"ts";"POSTBOP";"COLOR";"ORIGINAL";"LATIN";178,2;"MEDIUM UP";"B-chrom";"3/4";"1964-08-03";"Wayne Shorter";"A24";"";"Blue Note";1988;730;170;1964
434;"Wayne Shorter";"Orbits";1;1;"ts";"POSTBOP";"COLOR";"ORIGINAL";"SWING";267,1;"UP";"";"4/4";"24-25.10.1966";"Shorter";"open";"";"Columbia";1967;259;63,7;1966
435;"Wayne Shorter";"Speak No Evil";1;2;"ts";"POSTBOP";"COLOR";"ORIGINAL";"SWING";142,7;"MEDIUM UP";"C-min";"4/4";"1964-12-24";"Wayne Shorter";"A14A14B8A14";"";"Blue Note";1988;452;167,5;1964
436;"Woody Shaw";"Dat Dere";1;2;"tp";"POSTBOP";"FUNCTIONAL";"ORIGINAL";"SWING";114,7;"MEDIUM";"C-min";"4/4";"1987-06-24";"O. Brown Jr./B. Timmons";"A8A8B8A8";"";"32 Jazz";1998;406;134,8;1987
437;"Woody Shaw";"If I Were a Bell";1;2;"tp";"POSTBOP";"FUNCTIONAL";"GREAT AMERICAN SONGBOOK";"SWING";252,3;"UP";"F-maj";"4/4";"1987-06-24";"F. Loesser";"A16B16";"";"32 Jazz";1998;306;60,9;1987
438;"Woody Shaw";"Imagination";1;1;"tp";"POSTBOP";"FUNCTIONAL";"GREAT AMERICAN SONGBOOK";"LATIN";60,1;"SLOW";"Eb-maj";"4/4";"1987-06-24";"J. VanHuesen/J. Burke";"A8A8B8A14";"";"32 Jazz";1998;349;154,8;1987
439;"Woody Shaw";"In a Capricornian Way";1;3;"cor";"POSTBOP";"COLOR";"ORIGINAL";"SWING";171,8;"MEDIUM UP";"";"3/4";"05.&06.08.1978";"Woody Shaw";"A16A16B20";"";"Columbia";1978;864;178,1;1978
440;"Woody Shaw";"Rahsaan's Run";1;6;"tp";"POSTBOP";"FUNCTIONAL";"ORIGINAL";"SWING";297,8;"UP";"G-min";"4/4";"1977-12-19";"Woody Shaw";"A24";"";"Columbia (Legacy)";1998;347;57,9;1977
441;"Woody Shaw";"Rosewood";1;1;"tp";"POSTBOP";"COLOR";"ORIGINAL";"LATIN/FUNK";171,7;"MEDIUM UP";"";"4/4";"1977-12-15";"Woody Shaw";"A16B20A16B16";"";"Columbia (Legacy)";1998;465;95,8;1977
442;"Woody Shaw";"Stepping Stone";1;1;"cor";"POSTBOP";"FUNCTIONAL";"ORIGINAL";"SWING";266,2;"UP";"F-maj";"4/4";"05.&06.08.1978";"Woody Shaw";"A16B16";"";"Columbia";1978;160;29,4;1978
443;"Woody Shaw";"Steve's Blues";1;5;"tp";"POSTBOP";"BLUES";"ORIGINAL";"SWING";205,5;"UP";"F-maj";"4/4";"1987-06-24";"S. Turre";"A12";"Blues";"32 Jazz";1998;296;69,6;1987
444;"Wynton Marsalis";"April in Paris";1;2;"tp";"POSTBOP";"FUNCTIONAL";"GREAT AMERICAN SONGBOOK";"SWING";153,7;"MEDIUM UP";"C-maj";"4/4";"29.-30.5.1986, 24.-25.9.1986";"Vernon Duke, Yip Harburg";"A8B8C8D8";"";"CBS/Columbia";1987;495;104,9;1986
445;"Wynton Marsalis";"Caravan";1;2;"tp";"POSTBOP";"FUNCTIONAL";"GREAT AMERICAN SONGBOOK";"SWING";196,6;"UP";"C-maj";"4/4";"29.-30.5.1986, 24.-25.9.1986";"Juan Tizol";"A8A8B8A8";"";"CBS/Columbia";1987;526;156,6;1986
446;"Wynton Marsalis";"Cherokee";1;2;"tp";"POSTBOP";"FUNCTIONAL";"GREAT AMERICAN SONGBOOK";"SWING";338;"UP";"Bb-maj";"4/4";"29.-30.5.1986, 24.-25.9.1986";"Ray Noble";"A16A16B16A16";"";"CBS/Columbia";1987;679;92,6;1986
447;"Wynton Marsalis";"Cherokee II";1;2;"tp";"POSTBOP";"FUNCTIONAL";"GREAT AMERICAN SONGBOOK";"SWING";340,3;"UP";"Bb-maj";"4/4";"29.-30.5.1986, 24.-25.9.1986";"Ray Noble";"A16A16B16A16";"";"CBS/Columbia";1987;655;90,4;1986
448;"Wynton Marsalis";"Johnny Come Lately";1;2;"tp";"POSTBOP";"FUNCTIONAL";"GREAT AMERICAN SONGBOOK";"SWING";245,4;"UP";"G-min";"4/4";"03.-08.09.1991";"Duke Ellington";"A8A8B8A8";"";"Verve";1992;292;63,3;1991
449;"Wynton Marsalis";"U.M.M.G.";1;2;"tp";"POSTBOP";"FUNCTIONAL";"GREAT AMERICAN SONGBOOK";"SWING";221,3;"UP";"Db-maj";"4/4";"03.-08.09.1991";"Billy Strayhorn";"A8A8B8A8";"";"Verve";1992;261;70;1991
450;"Wynton Marsalis";"You're My Everything";1;1;"tp";"POSTBOP";"FUNCTIONAL";"GREAT AMERICAN SONGBOOK";"SWING";137,6;"MEDIUM";"B-maj";"4/4";"1990";"Mort Dixon, Harry Warren, Joe Young";"A16B16";"";"CBS/Columbia";1990;162;58,2;1990
451;"Zoot Sims";"All the Things You Are";1;1;"ts";"COOL";"FUNCTIONAL";"GREAT AMERICAN SONGBOOK";"SWING";192,2;"UP";"Ab-maj";"4/4";"1950-04-23";"J. Kern, O. Hammerstein";"A8B8C8D12";"";"Membran Music Ltd.";2005;176;46,4;1950
452;"Zoot Sims";"Dancing in the Dark";1;1;"ts";"COOL";"FUNCTIONAL";"GREAT AMERICAN SONGBOOK";"SWING";124,7;"MEDIUM";"Ab-maj";"4/4";"1950-09-16";"Dietz/Schwartz";"A16B16";"";"Membran Music Ltd.";2005;110;62,6;1950
453;"Zoot Sims";"Dancing in the Dark";2;1;"ts";"COOL";"FUNCTIONAL";"GREAT AMERICAN SONGBOOK";"SWING";122,1;"MEDIUM";"Ab-maj";"4/4";"1950-09-16";"Dietz/Schwartz";"A16B16";"";"Membran Music Ltd.";2005;169;73,4;1950
454;"Zoot Sims";"King David";1;1;"ts";"COOL";"BLUES";"ORIGINAL";"SWING";151,1;"MEDIUM UP";"Bb-maj";"4/4";"1950-06-08";"Roy Eldridge";"A12";"Blues";"Membran Music Ltd.";2005;103;31,6;1950
455;"Zoot Sims";"Night and Day";1;2;"ts";"COOL";"FUNCTIONAL";"GREAT AMERICAN SONGBOOK";"SWING";216,7;"UP";"D-maj";"4/4";"1950-06-16";"C. Porter";"A8B8A8B8C8B8";"";"Membran Music Ltd.";2005;359;89,6;1950
456;"Zoot Sims";"Night and Day";2;1;"ts";"COOL";"FUNCTIONAL";"GREAT AMERICAN SONGBOOK";"SWING";217,6;"UP";"D-maj";"4/4";"1950-06-16";"C. Porter";"A8B8A8B8C8B8";"";"Membran Music Ltd.";2005;219;60,9;1950
